/*
 Navicat Premium Data Transfer

 Source Server         : test
 Source Server Type    : MySQL
 Source Server Version : 80029
 Source Host           : localhost:3306
 Source Schema         : platform

 Target Server Type    : MySQL
 Target Server Version : 80029
 File Encoding         : 65001

 Date: 10/07/2022 16:29:11
*/

SET NAMES utf8mb4;
SET FOREIGN_KEY_CHECKS = 0;

-- ----------------------------
-- Table structure for boxselection
-- ----------------------------
DROP TABLE IF EXISTS `boxselection`;
CREATE TABLE `boxselection`  (
  `id` bigint NOT NULL AUTO_INCREMENT COMMENT '唯一标识id',
  `type` int NOT NULL COMMENT '区别四个任务 0cd变化检测 1oc地物分类 2od目标检测 3oe目标提取',
  `history_id` bigint NOT NULL COMMENT '历史记录的Id，所框选的属于哪条记录',
  `task` varchar(255) CHARACTER SET utf8mb4 COLLATE utf8mb4_unicode_ci NULL DEFAULT NULL COMMENT '四个任务下的具体的任务名称',
  `start_time` datetime NOT NULL,
  `end_time` datetime NULL DEFAULT NULL,
  `top_row` int NOT NULL,
  `left_column` int NOT NULL,
  `bottom_row` int NOT NULL,
  `right_column` int NOT NULL,
  `result_img` varchar(255) CHARACTER SET utf8mb4 COLLATE utf8mb4_unicode_ci NULL DEFAULT NULL,
  `result` varchar(4096) CHARACTER SET utf8mb4 COLLATE utf8mb4_unicode_ci NULL DEFAULT NULL,
  PRIMARY KEY (`id`) USING BTREE
) ENGINE = InnoDB AUTO_INCREMENT = 156 CHARACTER SET = utf8mb4 COLLATE = utf8mb4_unicode_ci ROW_FORMAT = DYNAMIC;

-- ----------------------------
-- Records of boxselection
-- ----------------------------
INSERT INTO `boxselection` VALUES (1, 3, 1, NULL, '2022-06-30 11:18:17', '2022-06-30 11:18:34', 0, 0, 1024, 1024, 'http://faye.nat300.top/files/2b56a93802554ff5b77b1e2d41201e14_predict_0_0_1024_0', '{\"data\":[{\"color\":[255,255,255],\"num\":0,\"category\":\"positive\"},{\"color\":[0,0,0],\"num\":1048576,\"category\":\"negative\"}],\"top\":0,\"left\":0,\"bottom\":1024,\"confidence\":\"medium\",\"label\":\"http://faye.nat300.top/files/2b56a93802554ff5b77b1e2d41201e14_predict_0_0_1024_0\",\"right\":1024,\"type\":\"road_extraction\",\"min_pixel\":50}');
INSERT INTO `boxselection` VALUES (2, 3, 2, NULL, '2022-06-30 11:21:47', '2022-06-30 11:21:48', 0, 0, 1500, 1500, 'http://faye.nat300.top/files/5603586f8df34e24918c2f521159aad9_predict_0_0_1500_0', '{\"data\":[{\"color\":[255,255,255],\"num\":174902,\"category\":\"positive\"},{\"color\":[0,0,0],\"num\":2075098,\"category\":\"negative\"}],\"top\":0,\"left\":0,\"bottom\":1500,\"confidence\":\"medium\",\"label\":\"http://faye.nat300.top/files/5603586f8df34e24918c2f521159aad9_predict_0_0_1500_0\",\"right\":1500,\"type\":\"road_extraction\",\"min_pixel\":50}');
INSERT INTO `boxselection` VALUES (3, 3, 3, NULL, '2022-06-30 11:26:22', '2022-06-30 11:26:23', 0, 0, 1500, 1500, 'http://faye.nat300.top/files/69fbdfea3bc1441791fce8e2a85b17d2_predict_0_0_1500_0', '{\"data\":[{\"color\":[255,255,255],\"num\":174902,\"category\":\"positive\"},{\"color\":[0,0,0],\"num\":2075098,\"category\":\"negative\"}],\"top\":0,\"left\":0,\"bottom\":1500,\"confidence\":\"medium\",\"label\":\"http://faye.nat300.top/files/69fbdfea3bc1441791fce8e2a85b17d2_predict_0_0_1500_0\",\"right\":1500,\"type\":\"road_extraction\",\"min_pixel\":50}');
INSERT INTO `boxselection` VALUES (4, 3, 4, NULL, '2022-06-30 11:29:54', '2022-06-30 11:29:55', 0, 0, 1500, 1500, 'http://faye.nat300.top/files/4ab59f3d87d44f70b2a44f7630b40275_predict_0_0_1500_0', '{\"data\":[{\"color\":[255,255,255],\"num\":204036,\"category\":\"positive\"},{\"color\":[0,0,0],\"num\":2045964,\"category\":\"negative\"}],\"top\":0,\"left\":0,\"bottom\":1500,\"confidence\":\"medium\",\"label\":\"http://faye.nat300.top/files/4ab59f3d87d44f70b2a44f7630b40275_predict_0_0_1500_0\",\"right\":1500,\"type\":\"road_extraction\",\"min_pixel\":50}');
INSERT INTO `boxselection` VALUES (5, 3, 5, NULL, '2022-06-30 11:30:07', '2022-06-30 11:30:09', 0, 0, 1500, 1500, 'http://faye.nat300.top/files/b5fbe20802e6461e89116be59781791e_predict_0_0_1500_0', '{\"data\":[{\"color\":[255,255,255],\"num\":53923,\"category\":\"positive\"},{\"color\":[0,0,0],\"num\":2196077,\"category\":\"negative\"}],\"top\":0,\"left\":0,\"bottom\":1500,\"confidence\":\"medium\",\"label\":\"http://faye.nat300.top/files/b5fbe20802e6461e89116be59781791e_predict_0_0_1500_0\",\"right\":1500,\"type\":\"road_extraction\",\"min_pixel\":50}');
INSERT INTO `boxselection` VALUES (6, 3, 6, NULL, '2022-06-30 11:38:18', '2022-06-30 11:38:20', 0, 0, 1500, 1500, 'http://faye.nat300.top/files/3775a046cc2741689094c8e1728a0f9e_predict_0_0_1500_0', '{\"data\":[{\"color\":[255,255,255],\"num\":174902,\"category\":\"positive\"},{\"color\":[0,0,0],\"num\":2075098,\"category\":\"negative\"}],\"top\":0,\"left\":0,\"bottom\":1500,\"confidence\":\"medium\",\"label\":\"http://faye.nat300.top/files/3775a046cc2741689094c8e1728a0f9e_predict_0_0_1500_0\",\"right\":1500,\"type\":\"road_extraction\",\"min_pixel\":50}');
INSERT INTO `boxselection` VALUES (7, 3, 7, NULL, '2022-06-30 12:06:54', '2022-06-30 12:06:55', 130, 211, 1082, 1226, 'http://faye.nat300.top/files/5ec2b089a3994b73844d8002cb3588f9_predict_211_130_1082_130', '{\"data\":[{\"color\":[255,255,255],\"num\":25191,\"category\":\"positive\"},{\"color\":[0,0,0],\"num\":941089,\"category\":\"negative\"}],\"top\":130,\"left\":211,\"bottom\":1082,\"confidence\":\"medium\",\"label\":\"http://faye.nat300.top/files/5ec2b089a3994b73844d8002cb3588f9_predict_211_130_1082_130\",\"right\":1226,\"type\":\"road_extraction\",\"min_pixel\":50}');
INSERT INTO `boxselection` VALUES (8, 3, 8, NULL, '2022-06-30 12:08:05', '2022-06-30 12:08:06', 49, 877, 654, 1445, 'http://faye.nat300.top/files/c84df0ca2c4c4189b2f66ba2f7ff7109_predict_877_49_654_49', '{\"data\":[{\"color\":[255,255,255],\"num\":23133,\"category\":\"positive\"},{\"color\":[0,0,0],\"num\":320507,\"category\":\"negative\"}],\"top\":49,\"left\":877,\"bottom\":654,\"confidence\":\"medium\",\"label\":\"http://faye.nat300.top/files/c84df0ca2c4c4189b2f66ba2f7ff7109_predict_877_49_654_49\",\"right\":1445,\"type\":\"road_extraction\",\"min_pixel\":50}');
INSERT INTO `boxselection` VALUES (9, 3, 8, NULL, '2022-06-30 12:09:06', '2022-06-30 12:09:07', 286, 217, 904, 745, 'http://faye.nat300.top/files/c84df0ca2c4c4189b2f66ba2f7ff7109_predict_217_286_904_286', '{\"data\":[{\"color\":[255,255,255],\"num\":4742,\"category\":\"positive\"},{\"color\":[0,0,0],\"num\":321562,\"category\":\"negative\"}],\"top\":286,\"left\":217,\"bottom\":904,\"confidence\":\"medium\",\"label\":\"http://faye.nat300.top/files/c84df0ca2c4c4189b2f66ba2f7ff7109_predict_217_286_904_286\",\"right\":745,\"type\":\"road_extraction\",\"min_pixel\":50}');
INSERT INTO `boxselection` VALUES (10, 3, 8, NULL, '2022-06-30 12:15:37', '2022-06-30 12:15:38', 351, 412, 1036, 1297, 'http://faye.nat300.top/files/c84df0ca2c4c4189b2f66ba2f7ff7109_predict_412_351_1036_351', '{\"data\":[{\"color\":[255,255,255],\"num\":53404,\"category\":\"positive\"},{\"color\":[0,0,0],\"num\":552821,\"category\":\"negative\"}],\"top\":351,\"left\":412,\"bottom\":1036,\"confidence\":\"medium\",\"label\":\"http://faye.nat300.top/files/c84df0ca2c4c4189b2f66ba2f7ff7109_predict_412_351_1036_351\",\"right\":1297,\"type\":\"road_extraction\",\"min_pixel\":50}');
INSERT INTO `boxselection` VALUES (11, 3, 9, NULL, '2022-06-30 12:16:01', '2022-06-30 12:16:03', 656, 430, 1381, 1327, 'http://faye.nat300.top/files/f3de12bfb1aa422693f297cfa8cd96e7_predict_430_656_1381_656', '{\"data\":[{\"color\":[255,255,255],\"num\":54591,\"category\":\"positive\"},{\"color\":[0,0,0],\"num\":595734,\"category\":\"negative\"}],\"top\":656,\"left\":430,\"bottom\":1381,\"confidence\":\"medium\",\"label\":\"http://faye.nat300.top/files/f3de12bfb1aa422693f297cfa8cd96e7_predict_430_656_1381_656\",\"right\":1327,\"type\":\"road_extraction\",\"min_pixel\":50}');
INSERT INTO `boxselection` VALUES (12, 3, 10, NULL, '2022-06-30 12:17:27', '2022-06-30 12:17:29', 89, 357, 1379, 1365, 'http://faye.nat300.top/files/47ed3e06207c451f91c2c9c35546f596_predict_357_89_1379_89', '{\"data\":[{\"color\":[255,255,255],\"num\":56525,\"category\":\"positive\"},{\"color\":[0,0,0],\"num\":1243795,\"category\":\"negative\"}],\"top\":89,\"left\":357,\"bottom\":1379,\"confidence\":\"medium\",\"label\":\"http://faye.nat300.top/files/47ed3e06207c451f91c2c9c35546f596_predict_357_89_1379_89\",\"right\":1365,\"type\":\"road_extraction\",\"min_pixel\":50}');
INSERT INTO `boxselection` VALUES (13, 3, 11, NULL, '2022-06-30 12:18:05', '2022-06-30 12:18:07', 371, 162, 1326, 665, 'http://faye.nat300.top/files/f663cf569bf24082b13b5b54b598be7a_predict_162_371_1326_371', '{\"data\":[{\"color\":[255,255,255],\"num\":4936,\"category\":\"positive\"},{\"color\":[0,0,0],\"num\":475429,\"category\":\"negative\"}],\"top\":371,\"left\":162,\"bottom\":1326,\"confidence\":\"medium\",\"label\":\"http://faye.nat300.top/files/f663cf569bf24082b13b5b54b598be7a_predict_162_371_1326_371\",\"right\":665,\"type\":\"road_extraction\",\"min_pixel\":50}');
INSERT INTO `boxselection` VALUES (14, 3, 12, NULL, '2022-06-30 12:21:05', '2022-06-30 12:21:06', 577, 427, 1362, 1147, 'http://faye.nat300.top/files/60a3576d8a264802a60d7930abe309ff_predict_427_577_1362_577', '{\"data\":[{\"color\":[255,255,255],\"num\":49619,\"category\":\"positive\"},{\"color\":[0,0,0],\"num\":515581,\"category\":\"negative\"}],\"top\":577,\"left\":427,\"bottom\":1362,\"confidence\":\"medium\",\"label\":\"http://faye.nat300.top/files/60a3576d8a264802a60d7930abe309ff_predict_427_577_1362_577\",\"right\":1147,\"type\":\"road_extraction\",\"min_pixel\":50}');
INSERT INTO `boxselection` VALUES (15, 3, 13, NULL, '2022-06-30 12:21:57', '2022-06-30 12:21:59', 0, 0, 1500, 1500, 'http://faye.nat300.top/files/32db525a0e4b48cb8d494728e0bdbe5f_predict_0_0_1500_0', '{\"data\":[{\"color\":[255,255,255],\"num\":174902,\"category\":\"positive\"},{\"color\":[0,0,0],\"num\":2075098,\"category\":\"negative\"}],\"top\":0,\"left\":0,\"bottom\":1500,\"confidence\":\"medium\",\"label\":\"http://faye.nat300.top/files/32db525a0e4b48cb8d494728e0bdbe5f_predict_0_0_1500_0\",\"right\":1500,\"type\":\"road_extraction\",\"min_pixel\":50}');
INSERT INTO `boxselection` VALUES (16, 3, 14, NULL, '2022-06-30 12:22:32', '2022-06-30 12:22:33', 210, 242, 1067, 1182, 'http://faye.nat300.top/files/f8b23d15b66440b7a89d6cb16419c783_predict_242_210_1067_210', '{\"data\":[{\"color\":[255,255,255],\"num\":74647,\"category\":\"positive\"},{\"color\":[0,0,0],\"num\":730933,\"category\":\"negative\"}],\"top\":210,\"left\":242,\"bottom\":1067,\"confidence\":\"medium\",\"label\":\"http://faye.nat300.top/files/f8b23d15b66440b7a89d6cb16419c783_predict_242_210_1067_210\",\"right\":1182,\"type\":\"road_extraction\",\"min_pixel\":50}');
INSERT INTO `boxselection` VALUES (17, 3, 15, NULL, '2022-06-30 12:24:06', '2022-06-30 12:24:07', 367, 400, 1012, 1172, 'http://faye.nat300.top/files/189996c2d334457e8e5490fa9e6fb23e_predict_400_367_1012_367', '{\"data\":[{\"color\":[255,255,255],\"num\":40687,\"category\":\"positive\"},{\"color\":[0,0,0],\"num\":457253,\"category\":\"negative\"}],\"top\":367,\"left\":400,\"bottom\":1012,\"confidence\":\"medium\",\"label\":\"http://faye.nat300.top/files/189996c2d334457e8e5490fa9e6fb23e_predict_400_367_1012_367\",\"right\":1172,\"type\":\"road_extraction\",\"min_pixel\":50}');
INSERT INTO `boxselection` VALUES (18, 3, 16, NULL, '2022-06-30 12:26:41', '2022-06-30 12:26:42', 370, 250, 1417, 1275, 'http://faye.nat300.top/files/19077779348d4f98b8d7814a90d48be1_predict_250_370_1417_370', '{\"data\":[{\"color\":[255,255,255],\"num\":99705,\"category\":\"positive\"},{\"color\":[0,0,0],\"num\":973470,\"category\":\"negative\"}],\"top\":370,\"left\":250,\"bottom\":1417,\"confidence\":\"medium\",\"label\":\"http://faye.nat300.top/files/19077779348d4f98b8d7814a90d48be1_predict_250_370_1417_370\",\"right\":1275,\"type\":\"road_extraction\",\"min_pixel\":50}');
INSERT INTO `boxselection` VALUES (19, 0, 1, NULL, '2022-06-30 12:39:48', '2022-06-30 12:39:51', 516, 396, 975, 930, 'http://faye.nat300.top/files/96bfa09f1d104d898131c79a12b11e59_predict_396_516_975_516', '{\"data\":[{\"color\":[255,255,255],\"num\":58602,\"category\":\"positive\"},{\"color\":[0,0,0],\"num\":186504,\"category\":\"negative\"}],\"top\":516,\"left\":396,\"bottom\":975,\"confidence\":\"medium\",\"label\":\"http://faye.nat300.top/files/96bfa09f1d104d898131c79a12b11e59_predict_396_516_975_516\",\"right\":930,\"type\":\"change_detection\",\"min_pixel\":50}');
INSERT INTO `boxselection` VALUES (20, 0, 2, NULL, '2022-06-30 12:40:35', '2022-06-30 12:40:36', 0, 0, 1024, 1024, 'http://faye.nat300.top/files/932ba231c6f043738f36241a1110f3ec_predict_0_0_1024_0', '{\"data\":[{\"color\":[255,255,255],\"num\":128670,\"category\":\"positive\"},{\"color\":[0,0,0],\"num\":919906,\"category\":\"negative\"}],\"top\":0,\"left\":0,\"bottom\":1024,\"confidence\":\"medium\",\"label\":\"http://faye.nat300.top/files/932ba231c6f043738f36241a1110f3ec_predict_0_0_1024_0\",\"right\":1024,\"type\":\"change_detection\",\"min_pixel\":50}');
INSERT INTO `boxselection` VALUES (21, 1, 1, NULL, '2022-06-30 12:43:04', '2022-06-30 12:43:11', 0, 0, 512, 512, 'http://faye.nat300.top/files/5f2343315cee4e909bd9c65d434a02b4_predict_0_0_512_0', '{\"data\":[{\"color\":[200,0,0],\"num\":12753,\"category\":\"industrial_land\"},{\"color\":[250,0,150],\"num\":848,\"category\":\"urban_residential\"},{\"color\":[200,150,150],\"num\":39467,\"category\":\"rural_residential\"},{\"color\":[250,150,150],\"num\":26656,\"category\":\"traffic_land\"},{\"color\":[0,200,0],\"num\":0,\"category\":\"paddy_field\"},{\"color\":[150,250,0],\"num\":157912,\"category\":\"irrigated_land\"},{\"color\":[150,200,150],\"num\":0,\"category\":\"dry_cropland\"},{\"color\":[200,0,200],\"num\":113,\"category\":\"garden_plot\"},{\"color\":[150,0,250],\"num\":0,\"category\":\"arbor_woodland\"},{\"color\":[150,150,250],\"num\":0,\"category\":\"shrub_land\"},{\"color\":[250,200,0],\"num\":0,\"category\":\"natural_grassland\"},{\"color\":[200,200,0],\"num\":0,\"category\":\"artificial_grassland\"},{\"color\":[0,0,200],\"num\":307,\"category\":\"river\"},{\"color\":[0,150,200],\"num\":0,\"category\":\"lake\"},{\"color\":[0,200,250],\"num\":9251,\"category\":\"pond\"}],\"top\":0,\"left\":0,\"bottom\":512,\"confidence\":\"medium\",\"label\":\"http://faye.nat300.top/files/5f2343315cee4e909bd9c65d434a02b4_predict_0_0_512_0\",\"right\":512,\"type\":\"segmentation_15classes\",\"min_pixel\":50}');
INSERT INTO `boxselection` VALUES (22, 3, 17, NULL, '2022-06-30 13:24:21', '2022-06-30 13:24:26', 480, 458, 1328, 1438, 'http://faye.nat300.top/files/5a813970dda343ab989e98dba279172a_predict_458_480_1328_480', '{\"data\":[{\"color\":[255,255,255],\"num\":59592,\"category\":\"positive\"},{\"color\":[0,0,0],\"num\":771448,\"category\":\"negative\"}],\"top\":480,\"left\":458,\"bottom\":1328,\"confidence\":\"medium\",\"label\":\"http://faye.nat300.top/files/5a813970dda343ab989e98dba279172a_predict_458_480_1328_480\",\"right\":1438,\"type\":\"road_extraction\",\"min_pixel\":50}');
INSERT INTO `boxselection` VALUES (23, 3, 18, NULL, '2022-06-30 13:27:06', '2022-06-30 13:27:07', 364, 175, 1309, 782, 'http://faye.nat300.top/files/33fc538a91b34d8fb4ff169f2c071391_predict_175_364_1309_364', '{\"data\":[{\"color\":[255,255,255],\"num\":30236,\"category\":\"positive\"},{\"color\":[0,0,0],\"num\":543379,\"category\":\"negative\"}],\"top\":364,\"left\":175,\"bottom\":1309,\"confidence\":\"medium\",\"label\":\"http://faye.nat300.top/files/33fc538a91b34d8fb4ff169f2c071391_predict_175_364_1309_364\",\"right\":782,\"type\":\"road_extraction\",\"min_pixel\":50}');
INSERT INTO `boxselection` VALUES (24, 3, 19, NULL, '2022-06-30 13:28:38', '2022-06-30 13:28:40', 829, 277, 1436, 1010, 'http://faye.nat300.top/files/eccb28c743de4cf69655178a3574c708_predict_277_829_1436_829', '{\"data\":[{\"color\":[255,255,255],\"num\":37635,\"category\":\"positive\"},{\"color\":[0,0,0],\"num\":407296,\"category\":\"negative\"}],\"top\":829,\"left\":277,\"bottom\":1436,\"confidence\":\"medium\",\"label\":\"http://faye.nat300.top/files/eccb28c743de4cf69655178a3574c708_predict_277_829_1436_829\",\"right\":1010,\"type\":\"road_extraction\",\"min_pixel\":50}');
INSERT INTO `boxselection` VALUES (25, 3, 20, NULL, '2022-06-30 13:55:33', '2022-06-30 13:55:35', 199, 326, 528, 605, 'http://faye.nat300.top/files/c384ccbecdb149cbb5133d2ee4a501a9_predict_326_199_528_199', '{\"data\":[{\"color\":[255,255,255],\"num\":0,\"category\":\"positive\"},{\"color\":[0,0,0],\"num\":91791,\"category\":\"negative\"}],\"top\":199,\"left\":326,\"bottom\":528,\"confidence\":\"medium\",\"label\":\"http://faye.nat300.top/files/c384ccbecdb149cbb5133d2ee4a501a9_predict_326_199_528_199\",\"right\":605,\"type\":\"road_extraction\",\"min_pixel\":50}');
INSERT INTO `boxselection` VALUES (26, 2, 1, NULL, '2022-06-30 13:56:02', '2022-06-30 13:56:03', 400, 362, 643, 829, 'http://faye.nat300.top/files/89d7ae14702c403bb168b349c53b6507_predict_362_400_643_400', '{\"data\":[{\"score\":0.38845089077949524,\"category_id\":0,\"bbox\":[345,2,81,55],\"category\":\"aircraft\"},{\"score\":0.33575883507728577,\"category_id\":0,\"bbox\":[228,50,66,59],\"category\":\"aircraft\"}],\"top\":400,\"left\":362,\"bottom\":643,\"confidence\":\"medium\",\"label\":\"http://faye.nat300.top/files/89d7ae14702c403bb168b349c53b6507_predict_362_400_643_400\",\"right\":829,\"type\":\"object_detection_aircraft\",\"min_pixel\":50}');
INSERT INTO `boxselection` VALUES (27, 2, 1, NULL, '2022-06-30 13:56:16', '2022-06-30 13:56:16', 28, 311, 290, 938, 'http://faye.nat300.top/files/89d7ae14702c403bb168b349c53b6507_predict_311_28_290_28', '{\"data\":[{\"score\":0.7179444432258606,\"category_id\":0,\"bbox\":[44,0,119,71],\"category\":\"aircraft\"},{\"score\":0.7096643447875977,\"category_id\":0,\"bbox\":[517,69,66,60],\"category\":\"aircraft\"}],\"top\":28,\"left\":311,\"bottom\":290,\"confidence\":\"medium\",\"label\":\"http://faye.nat300.top/files/89d7ae14702c403bb168b349c53b6507_predict_311_28_290_28\",\"right\":938,\"type\":\"object_detection_aircraft\",\"min_pixel\":50}');
INSERT INTO `boxselection` VALUES (28, 3, 21, NULL, '2022-06-30 14:00:32', '2022-06-30 14:00:33', 0, 0, 1500, 1500, 'http://faye.nat300.top/files/6ff55da06edc4c03b78bb2065b37c4b0_predict_0_0_1500_0', '{\"data\":[{\"color\":[255,255,255],\"num\":36625,\"category\":\"positive\"},{\"color\":[0,0,0],\"num\":2213375,\"category\":\"negative\"}],\"top\":0,\"left\":0,\"bottom\":1500,\"confidence\":\"medium\",\"label\":\"http://faye.nat300.top/files/6ff55da06edc4c03b78bb2065b37c4b0_predict_0_0_1500_0\",\"right\":1500,\"type\":\"road_extraction\",\"min_pixel\":50}');
INSERT INTO `boxselection` VALUES (29, 0, 3, NULL, '2022-06-30 14:23:56', '2022-06-30 14:23:57', 0, 0, 1024, 1024, 'http://faye.nat300.top/files/b6f389caafd6429682594bdfa4991d73_predict_0_0_1024_0', '{\"data\":[{\"color\":[255,255,255],\"num\":128900,\"category\":\"positive\"},{\"color\":[0,0,0],\"num\":919676,\"category\":\"negative\"}],\"top\":0,\"left\":0,\"bottom\":1024,\"confidence\":\"medium\",\"label\":\"http://faye.nat300.top/files/b6f389caafd6429682594bdfa4991d73_predict_0_0_1024_0\",\"right\":1024,\"type\":\"change_detection\",\"min_pixel\":50}');
INSERT INTO `boxselection` VALUES (30, 3, 22, NULL, '2022-06-30 14:41:14', '2022-06-30 14:41:26', 534, 697, 1401, 1435, 'http://faye.nat300.top/files/547a36eba61c4b56a827081ea0ecb2c8_predict_697_534_1401_534', '{\"data\":[{\"color\":[255,255,255],\"num\":50234,\"category\":\"positive\"},{\"color\":[0,0,0],\"num\":589612,\"category\":\"negative\"}],\"top\":534,\"left\":697,\"bottom\":1401,\"confidence\":\"medium\",\"label\":\"http://faye.nat300.top/files/547a36eba61c4b56a827081ea0ecb2c8_predict_697_534_1401_534\",\"right\":1435,\"type\":\"road_extraction\",\"min_pixel\":50}');
INSERT INTO `boxselection` VALUES (31, 3, 23, NULL, '2022-06-30 14:51:52', '2022-06-30 14:51:54', 289, 307, 1274, 1225, 'http://faye.nat300.top/files/07fcfffff8d8489fb8341e81d4642032_predict_307_289_1274_289', '{\"data\":[{\"color\":[255,255,255],\"num\":79953,\"category\":\"positive\"},{\"color\":[0,0,0],\"num\":824277,\"category\":\"negative\"}],\"top\":289,\"left\":307,\"bottom\":1274,\"confidence\":\"medium\",\"label\":\"http://faye.nat300.top/files/07fcfffff8d8489fb8341e81d4642032_predict_307_289_1274_289\",\"right\":1225,\"type\":\"road_extraction\",\"min_pixel\":50}');
INSERT INTO `boxselection` VALUES (32, 3, 24, NULL, '2022-06-30 14:52:34', '2022-06-30 14:52:35', 199, 127, 856, 717, 'http://faye.nat300.top/files/15893bace1374738a7d19bd2bf0754c1_predict_127_199_856_199', '{\"data\":[{\"color\":[255,255,255],\"num\":4760,\"category\":\"positive\"},{\"color\":[0,0,0],\"num\":382870,\"category\":\"negative\"}],\"top\":199,\"left\":127,\"bottom\":856,\"confidence\":\"medium\",\"label\":\"http://faye.nat300.top/files/15893bace1374738a7d19bd2bf0754c1_predict_127_199_856_199\",\"right\":717,\"type\":\"road_extraction\",\"min_pixel\":50}');
INSERT INTO `boxselection` VALUES (33, 3, 25, NULL, '2022-06-30 14:52:59', '2022-06-30 14:53:01', 546, 855, 1291, 1377, 'http://faye.nat300.top/files/6250579e7db54f1c9cc062b7957f9933_predict_855_546_1291_546', '{\"data\":[{\"color\":[255,255,255],\"num\":16089,\"category\":\"positive\"},{\"color\":[0,0,0],\"num\":372801,\"category\":\"negative\"}],\"top\":546,\"left\":855,\"bottom\":1291,\"confidence\":\"medium\",\"label\":\"http://faye.nat300.top/files/6250579e7db54f1c9cc062b7957f9933_predict_855_546_1291_546\",\"right\":1377,\"type\":\"road_extraction\",\"min_pixel\":50}');
INSERT INTO `boxselection` VALUES (34, 3, 25, NULL, '2022-06-30 14:53:09', '2022-06-30 14:53:10', 799, 92, 1374, 585, 'http://faye.nat300.top/files/6250579e7db54f1c9cc062b7957f9933_predict_92_799_1374_799', '{\"data\":[{\"color\":[255,255,255],\"num\":2976,\"category\":\"positive\"},{\"color\":[0,0,0],\"num\":280499,\"category\":\"negative\"}],\"top\":799,\"left\":92,\"bottom\":1374,\"confidence\":\"medium\",\"label\":\"http://faye.nat300.top/files/6250579e7db54f1c9cc062b7957f9933_predict_92_799_1374_799\",\"right\":585,\"type\":\"road_extraction\",\"min_pixel\":50}');
INSERT INTO `boxselection` VALUES (35, 0, 4, NULL, '2022-06-30 15:01:55', '2022-06-30 15:01:56', 571, 431, 886, 923, 'http://faye.nat300.top/files/6ea0c4e125044ba4bb5c3cd31d0eba0d_predict_431_571_886_571', '{\"data\":[{\"color\":[255,255,255],\"num\":31822,\"category\":\"positive\"},{\"color\":[0,0,0],\"num\":123158,\"category\":\"negative\"}],\"top\":571,\"left\":431,\"bottom\":886,\"confidence\":\"medium\",\"label\":\"http://faye.nat300.top/files/6ea0c4e125044ba4bb5c3cd31d0eba0d_predict_431_571_886_571\",\"right\":923,\"type\":\"change_detection\",\"min_pixel\":50}');
INSERT INTO `boxselection` VALUES (36, 0, 5, NULL, '2022-06-30 15:07:52', '2022-06-30 15:07:53', 0, 0, 1024, 1024, 'http://faye.nat300.top/files/e303df6d03bf4eb7850cf5a6705db689_predict_0_0_1024_0', '{\"data\":[{\"color\":[255,255,255],\"num\":125127,\"category\":\"positive\"},{\"color\":[0,0,0],\"num\":923449,\"category\":\"negative\"}],\"top\":0,\"left\":0,\"bottom\":1024,\"confidence\":\"medium\",\"label\":\"http://faye.nat300.top/files/e303df6d03bf4eb7850cf5a6705db689_predict_0_0_1024_0\",\"right\":1024,\"type\":\"change_detection\",\"min_pixel\":50}');
INSERT INTO `boxselection` VALUES (37, 3, 26, NULL, '2022-06-30 15:11:34', '2022-06-30 15:11:34', 0, 0, 512, 512, 'http://faye.nat300.top/files/a5a334c1366345be8a420ec26cf5c3f9_predict_0_0_512_0', '{\"data\":[{\"color\":[255,255,255],\"num\":100835,\"category\":\"positive\"},{\"color\":[0,0,0],\"num\":161309,\"category\":\"negative\"}],\"top\":0,\"left\":0,\"bottom\":512,\"confidence\":\"medium\",\"label\":\"http://faye.nat300.top/files/a5a334c1366345be8a420ec26cf5c3f9_predict_0_0_512_0\",\"right\":512,\"type\":\"water_extraction\",\"min_pixel\":50}');
INSERT INTO `boxselection` VALUES (38, 3, 28, NULL, '2022-06-30 15:26:04', '2022-06-30 15:26:15', 56, 865, 659, 1445, 'http://faye.nat300.top/files/7a4cf4d071d74a3f84e00b03e3ba9ec6_predict_865_56_659_56', '{\"data\":[{\"color\":[255,255,255],\"num\":24023,\"category\":\"positive\"},{\"color\":[0,0,0],\"num\":325717,\"category\":\"negative\"}],\"top\":56,\"left\":865,\"bottom\":659,\"confidence\":\"medium\",\"label\":\"http://faye.nat300.top/files/7a4cf4d071d74a3f84e00b03e3ba9ec6_predict_865_56_659_56\",\"right\":1445,\"type\":\"road_extraction\",\"min_pixel\":50}');
INSERT INTO `boxselection` VALUES (39, 3, 28, NULL, '2022-06-30 15:26:25', '2022-06-30 15:26:27', 299, 162, 966, 750, 'http://faye.nat300.top/files/7a4cf4d071d74a3f84e00b03e3ba9ec6_predict_162_299_966_299', '{\"data\":[{\"color\":[255,255,255],\"num\":13260,\"category\":\"positive\"},{\"color\":[0,0,0],\"num\":378936,\"category\":\"negative\"}],\"top\":299,\"left\":162,\"bottom\":966,\"confidence\":\"medium\",\"label\":\"http://faye.nat300.top/files/7a4cf4d071d74a3f84e00b03e3ba9ec6_predict_162_299_966_299\",\"right\":750,\"type\":\"road_extraction\",\"min_pixel\":50}');
INSERT INTO `boxselection` VALUES (40, 0, 6, NULL, '2022-06-30 15:27:18', '2022-06-30 15:27:19', 482, 424, 953, 907, 'http://faye.nat300.top/files/872d43ae73bc4e82b36def1c95370e84_predict_424_482_953_482', '{\"data\":[{\"color\":[255,255,255],\"num\":49500,\"category\":\"positive\"},{\"color\":[0,0,0],\"num\":177993,\"category\":\"negative\"}],\"top\":482,\"left\":424,\"bottom\":953,\"confidence\":\"medium\",\"label\":\"http://faye.nat300.top/files/872d43ae73bc4e82b36def1c95370e84_predict_424_482_953_482\",\"right\":907,\"type\":\"change_detection\",\"min_pixel\":50}');
INSERT INTO `boxselection` VALUES (41, 0, 6, NULL, '2022-06-30 15:27:34', '2022-06-30 15:27:35', 77, 208, 438, 556, 'http://faye.nat300.top/files/872d43ae73bc4e82b36def1c95370e84_predict_208_77_438_77', '{\"data\":[{\"color\":[255,255,255],\"num\":23094,\"category\":\"positive\"},{\"color\":[0,0,0],\"num\":102534,\"category\":\"negative\"}],\"top\":77,\"left\":208,\"bottom\":438,\"confidence\":\"medium\",\"label\":\"http://faye.nat300.top/files/872d43ae73bc4e82b36def1c95370e84_predict_208_77_438_77\",\"right\":556,\"type\":\"change_detection\",\"min_pixel\":50}');
INSERT INTO `boxselection` VALUES (42, 1, 2, NULL, '2022-06-30 15:30:48', '2022-06-30 15:30:54', 0, 0, 512, 512, 'http://faye.nat300.top/files/5891f655d4ff4151988627d4064e55ae_predict_0_0_512_0', '{\"data\":[{\"color\":[255,0,0],\"num\":123700,\"category\":\"buildup\"},{\"color\":[0,255,0],\"num\":113602,\"category\":\"farmland\"},{\"color\":[0,255,255],\"num\":0,\"category\":\"forest\"},{\"color\":[255,255,0],\"num\":0,\"category\":\"meadow\"},{\"color\":[0,0,255],\"num\":21173,\"category\":\"water\"}],\"top\":0,\"left\":0,\"bottom\":512,\"confidence\":\"medium\",\"label\":\"http://faye.nat300.top/files/5891f655d4ff4151988627d4064e55ae_predict_0_0_512_0\",\"right\":512,\"type\":\"segmentation_5classes\",\"min_pixel\":50}');
INSERT INTO `boxselection` VALUES (43, 1, 3, NULL, '2022-06-30 15:34:54', '2022-06-30 15:34:56', 0, 0, 512, 512, 'http://faye.nat300.top/files/7667a0e77b1c4297b8309f9b7e5d6599_predict_0_0_512_0', '{\"data\":[{\"color\":[255,0,0],\"num\":187234,\"category\":\"buildup\"},{\"color\":[0,255,0],\"num\":63985,\"category\":\"farmland\"},{\"color\":[0,255,255],\"num\":7964,\"category\":\"forest\"},{\"color\":[255,255,0],\"num\":0,\"category\":\"meadow\"},{\"color\":[0,0,255],\"num\":0,\"category\":\"water\"}],\"top\":0,\"left\":0,\"bottom\":512,\"confidence\":\"medium\",\"label\":\"http://faye.nat300.top/files/7667a0e77b1c4297b8309f9b7e5d6599_predict_0_0_512_0\",\"right\":512,\"type\":\"segmentation_5classes\",\"min_pixel\":50}');
INSERT INTO `boxselection` VALUES (44, 1, 4, NULL, '2022-06-30 15:51:30', '2022-06-30 15:51:35', 0, 0, 512, 512, 'http://faye.nat300.top/files/f6a29150faa34d7d8a259dbd49b81975_predict_0_0_512_0', '{\"data\":[{\"color\":[255,0,0],\"num\":123700,\"category\":\"buildup\"},{\"color\":[0,255,0],\"num\":113602,\"category\":\"farmland\"},{\"color\":[0,255,255],\"num\":0,\"category\":\"forest\"},{\"color\":[255,255,0],\"num\":0,\"category\":\"meadow\"},{\"color\":[0,0,255],\"num\":21173,\"category\":\"water\"}],\"top\":0,\"left\":0,\"bottom\":512,\"confidence\":\"medium\",\"label\":\"http://faye.nat300.top/files/f6a29150faa34d7d8a259dbd49b81975_predict_0_0_512_0\",\"right\":512,\"type\":\"segmentation_5classes\",\"min_pixel\":50}');
INSERT INTO `boxselection` VALUES (45, 1, 5, NULL, '2022-06-30 15:54:30', '2022-06-30 15:54:30', 0, 0, 512, 512, 'http://faye.nat300.top/files/6d145ef240a44ccf8a12c190806cc713_predict_0_0_512_0', '{\"data\":[{\"color\":[255,0,0],\"num\":8788,\"category\":\"buildup\"},{\"color\":[0,255,0],\"num\":234003,\"category\":\"farmland\"},{\"color\":[0,255,255],\"num\":2904,\"category\":\"forest\"},{\"color\":[255,255,0],\"num\":0,\"category\":\"meadow\"},{\"color\":[0,0,255],\"num\":13344,\"category\":\"water\"}],\"top\":0,\"left\":0,\"bottom\":512,\"confidence\":\"medium\",\"label\":\"http://faye.nat300.top/files/6d145ef240a44ccf8a12c190806cc713_predict_0_0_512_0\",\"right\":512,\"type\":\"segmentation_5classes\",\"min_pixel\":50}');
INSERT INTO `boxselection` VALUES (46, 1, 6, NULL, '2022-06-30 15:56:55', '2022-06-30 15:56:56', 0, 0, 512, 512, 'http://faye.nat300.top/files/4fac8d2054e3467f93c8884636bb9ca1_predict_0_0_512_0', '{\"data\":[{\"color\":[255,0,0],\"num\":123700,\"category\":\"buildup\"},{\"color\":[0,255,0],\"num\":113602,\"category\":\"farmland\"},{\"color\":[0,255,255],\"num\":0,\"category\":\"forest\"},{\"color\":[255,255,0],\"num\":0,\"category\":\"meadow\"},{\"color\":[0,0,255],\"num\":21173,\"category\":\"water\"}],\"top\":0,\"left\":0,\"bottom\":512,\"confidence\":\"medium\",\"label\":\"http://faye.nat300.top/files/4fac8d2054e3467f93c8884636bb9ca1_predict_0_0_512_0\",\"right\":512,\"type\":\"segmentation_5classes\",\"min_pixel\":50}');
INSERT INTO `boxselection` VALUES (47, 1, 7, NULL, '2022-06-30 15:58:05', '2022-06-30 15:58:06', 0, 0, 512, 512, 'http://faye.nat300.top/files/6a6236683d1845e6ba1922671f4c0300_predict_0_0_512_0', '{\"data\":[{\"color\":[255,0,0],\"num\":78679,\"category\":\"buildup\"},{\"color\":[0,255,0],\"num\":145901,\"category\":\"farmland\"},{\"color\":[0,255,255],\"num\":24248,\"category\":\"forest\"},{\"color\":[255,255,0],\"num\":0,\"category\":\"meadow\"},{\"color\":[0,0,255],\"num\":7524,\"category\":\"water\"}],\"top\":0,\"left\":0,\"bottom\":512,\"confidence\":\"medium\",\"label\":\"http://faye.nat300.top/files/6a6236683d1845e6ba1922671f4c0300_predict_0_0_512_0\",\"right\":512,\"type\":\"segmentation_5classes\",\"min_pixel\":50}');
INSERT INTO `boxselection` VALUES (48, 1, 8, NULL, '2022-06-30 15:59:07', '2022-06-30 15:59:08', 0, 0, 512, 512, 'http://faye.nat300.top/files/3758fa6258484e37a501ca398f00fe63_predict_0_0_512_0', '{\"data\":[{\"color\":[255,0,0],\"num\":78679,\"category\":\"buildup\"},{\"color\":[0,255,0],\"num\":145901,\"category\":\"farmland\"},{\"color\":[0,255,255],\"num\":24248,\"category\":\"forest\"},{\"color\":[255,255,0],\"num\":0,\"category\":\"meadow\"},{\"color\":[0,0,255],\"num\":7524,\"category\":\"water\"}],\"top\":0,\"left\":0,\"bottom\":512,\"confidence\":\"medium\",\"label\":\"http://faye.nat300.top/files/3758fa6258484e37a501ca398f00fe63_predict_0_0_512_0\",\"right\":512,\"type\":\"segmentation_5classes\",\"min_pixel\":50}');
INSERT INTO `boxselection` VALUES (49, 1, 10, NULL, '2022-06-30 16:02:31', '2022-06-30 16:02:34', 0, 0, 512, 512, 'http://faye.nat300.top/files/24f93f2bf6ae4f0bbb4953b3949bfa22_predict_0_0_512_0', '{\"data\":[{\"color\":[200,0,0],\"num\":20064,\"category\":\"industrial_land\"},{\"color\":[250,0,150],\"num\":19603,\"category\":\"urban_residential\"},{\"color\":[200,150,150],\"num\":24622,\"category\":\"rural_residential\"},{\"color\":[250,150,150],\"num\":48658,\"category\":\"traffic_land\"},{\"color\":[0,200,0],\"num\":0,\"category\":\"paddy_field\"},{\"color\":[150,250,0],\"num\":88469,\"category\":\"irrigated_land\"},{\"color\":[150,200,150],\"num\":509,\"category\":\"dry_cropland\"},{\"color\":[200,0,200],\"num\":0,\"category\":\"garden_plot\"},{\"color\":[150,0,250],\"num\":0,\"category\":\"arbor_woodland\"},{\"color\":[150,150,250],\"num\":5634,\"category\":\"shrub_land\"},{\"color\":[250,200,0],\"num\":0,\"category\":\"natural_grassland\"},{\"color\":[200,200,0],\"num\":0,\"category\":\"artificial_grassland\"},{\"color\":[0,0,200],\"num\":3378,\"category\":\"river\"},{\"color\":[0,150,200],\"num\":134,\"category\":\"lake\"},{\"color\":[0,200,250],\"num\":0,\"category\":\"pond\"}],\"top\":0,\"left\":0,\"bottom\":512,\"confidence\":\"medium\",\"label\":\"http://faye.nat300.top/files/24f93f2bf6ae4f0bbb4953b3949bfa22_predict_0_0_512_0\",\"right\":512,\"type\":\"segmentation_15classes\",\"min_pixel\":50}');
INSERT INTO `boxselection` VALUES (50, 1, 11, NULL, '2022-06-30 16:06:32', '2022-06-30 16:06:32', 0, 0, 512, 512, 'http://faye.nat300.top/files/ae9ce5db9130405284d822fb430e3e05_predict_0_0_512_0', '{\"data\":[{\"color\":[200,0,0],\"num\":61003,\"category\":\"industrial_land\"},{\"color\":[250,0,150],\"num\":0,\"category\":\"urban_residential\"},{\"color\":[200,150,150],\"num\":18487,\"category\":\"rural_residential\"},{\"color\":[250,150,150],\"num\":13812,\"category\":\"traffic_land\"},{\"color\":[0,200,0],\"num\":0,\"category\":\"paddy_field\"},{\"color\":[150,250,0],\"num\":154442,\"category\":\"irrigated_land\"},{\"color\":[150,200,150],\"num\":0,\"category\":\"dry_cropland\"},{\"color\":[200,0,200],\"num\":1689,\"category\":\"garden_plot\"},{\"color\":[150,0,250],\"num\":1486,\"category\":\"arbor_woodland\"},{\"color\":[150,150,250],\"num\":2419,\"category\":\"shrub_land\"},{\"color\":[250,200,0],\"num\":0,\"category\":\"natural_grassland\"},{\"color\":[200,200,0],\"num\":0,\"category\":\"artificial_grassland\"},{\"color\":[0,0,200],\"num\":0,\"category\":\"river\"},{\"color\":[0,150,200],\"num\":0,\"category\":\"lake\"},{\"color\":[0,200,250],\"num\":0,\"category\":\"pond\"}],\"top\":0,\"left\":0,\"bottom\":512,\"confidence\":\"medium\",\"label\":\"http://faye.nat300.top/files/ae9ce5db9130405284d822fb430e3e05_predict_0_0_512_0\",\"right\":512,\"type\":\"segmentation_15classes\",\"min_pixel\":50}');
INSERT INTO `boxselection` VALUES (51, 3, 30, NULL, '2022-06-30 20:39:51', '2022-06-30 20:40:02', 76, 770, 674, 1385, 'http://faye.nat300.top/files/db6a1c556af44c5f9077ab10c207c784_predict_770_76_674_76', '{\"data\":[{\"color\":[255,255,255],\"num\":24496,\"category\":\"positive\"},{\"color\":[0,0,0],\"num\":343274,\"category\":\"negative\"}],\"top\":76,\"left\":770,\"bottom\":674,\"confidence\":\"medium\",\"label\":\"http://faye.nat300.top/files/db6a1c556af44c5f9077ab10c207c784_predict_770_76_674_76\",\"right\":1385,\"type\":\"road_extraction\",\"min_pixel\":50}');
INSERT INTO `boxselection` VALUES (52, 3, 30, NULL, '2022-06-30 20:40:07', '2022-06-30 20:40:09', 196, 95, 846, 602, 'http://faye.nat300.top/files/db6a1c556af44c5f9077ab10c207c784_predict_95_196_846_196', '{\"data\":[{\"color\":[255,255,255],\"num\":7807,\"category\":\"positive\"},{\"color\":[0,0,0],\"num\":321743,\"category\":\"negative\"}],\"top\":196,\"left\":95,\"bottom\":846,\"confidence\":\"medium\",\"label\":\"http://faye.nat300.top/files/db6a1c556af44c5f9077ab10c207c784_predict_95_196_846_196\",\"right\":602,\"type\":\"road_extraction\",\"min_pixel\":50}');
INSERT INTO `boxselection` VALUES (53, 3, 31, NULL, '2022-06-30 20:40:28', '2022-06-30 20:40:30', 54, 792, 821, 1365, 'http://faye.nat300.top/files/006166bad56f49b38a072dcaa12e3484_predict_792_54_821_54', '{\"data\":[{\"color\":[255,255,255],\"num\":2359,\"category\":\"positive\"},{\"color\":[0,0,0],\"num\":437132,\"category\":\"negative\"}],\"top\":54,\"left\":792,\"bottom\":821,\"confidence\":\"medium\",\"label\":\"http://faye.nat300.top/files/006166bad56f49b38a072dcaa12e3484_predict_792_54_821_54\",\"right\":1365,\"type\":\"road_extraction\",\"min_pixel\":50}');
INSERT INTO `boxselection` VALUES (54, 3, 31, NULL, '2022-06-30 20:40:36', '2022-06-30 20:40:37', 336, 60, 1286, 712, 'http://faye.nat300.top/files/006166bad56f49b38a072dcaa12e3484_predict_60_336_1286_336', '{\"data\":[{\"color\":[255,255,255],\"num\":17814,\"category\":\"positive\"},{\"color\":[0,0,0],\"num\":601586,\"category\":\"negative\"}],\"top\":336,\"left\":60,\"bottom\":1286,\"confidence\":\"medium\",\"label\":\"http://faye.nat300.top/files/006166bad56f49b38a072dcaa12e3484_predict_60_336_1286_336\",\"right\":712,\"type\":\"road_extraction\",\"min_pixel\":50}');
INSERT INTO `boxselection` VALUES (55, 0, 7, NULL, '2022-06-30 22:51:36', '2022-06-30 22:51:45', 0, 0, 1024, 1024, 'http://faye.nat300.top/files/8e6811a98c0a4fe38e02fbd4daa39ba7_predict_0_0_1024_0', '{\"data\":[{\"color\":[255,255,255],\"num\":128969,\"category\":\"positive\"},{\"color\":[0,0,0],\"num\":919607,\"category\":\"negative\"}],\"top\":0,\"left\":0,\"bottom\":1024,\"confidence\":\"medium\",\"label\":\"http://faye.nat300.top/files/8e6811a98c0a4fe38e02fbd4daa39ba7_predict_0_0_1024_0\",\"right\":1024,\"type\":\"change_detection\",\"min_pixel\":28}');
INSERT INTO `boxselection` VALUES (56, 0, 8, NULL, '2022-07-01 15:31:26', '2022-07-01 15:31:34', 0, 0, 1024, 1024, 'http://faye.nat300.top/files/e0cc050842fd4aadb7603a007458139d_predict_0_0_1024_0', '{\"data\":[{\"color\":[255,255,255],\"num\":128900,\"category\":\"positive\"},{\"color\":[0,0,0],\"num\":919676,\"category\":\"negative\"}],\"top\":0,\"left\":0,\"bottom\":1024,\"confidence\":\"medium\",\"label\":\"http://faye.nat300.top/files/e0cc050842fd4aadb7603a007458139d_predict_0_0_1024_0\",\"right\":1024,\"type\":\"change_detection\",\"min_pixel\":50}');
INSERT INTO `boxselection` VALUES (57, 0, 9, NULL, '2022-07-01 15:33:14', '2022-07-01 15:33:15', 0, 0, 1024, 1024, 'http://faye.nat300.top/files/f177c90d90734650969af59441ca2045_predict_0_0_1024_0', '{\"data\":[{\"color\":[255,255,255],\"num\":128900,\"category\":\"positive\"},{\"color\":[0,0,0],\"num\":919676,\"category\":\"negative\"}],\"top\":0,\"left\":0,\"bottom\":1024,\"confidence\":\"medium\",\"label\":\"http://faye.nat300.top/files/f177c90d90734650969af59441ca2045_predict_0_0_1024_0\",\"right\":1024,\"type\":\"change_detection\",\"min_pixel\":50}');
INSERT INTO `boxselection` VALUES (58, 0, 9, NULL, '2022-07-01 15:33:23', '2022-07-01 15:33:23', 475, 325, 843, 989, 'http://faye.nat300.top/files/f177c90d90734650969af59441ca2045_predict_325_475_843_475', '{\"data\":[{\"color\":[255,255,255],\"num\":1681,\"category\":\"positive\"},{\"color\":[0,0,0],\"num\":242671,\"category\":\"negative\"}],\"top\":475,\"left\":325,\"bottom\":843,\"confidence\":\"medium\",\"label\":\"http://faye.nat300.top/files/f177c90d90734650969af59441ca2045_predict_325_475_843_475\",\"right\":989,\"type\":\"change_detection\",\"min_pixel\":50}');
INSERT INTO `boxselection` VALUES (59, 0, 9, NULL, '2022-07-01 15:34:00', '2022-07-01 15:34:01', 57, 177, 450, 871, 'http://faye.nat300.top/files/f177c90d90734650969af59441ca2045_predict_177_57_450_57', '{\"data\":[{\"color\":[255,255,255],\"num\":32004,\"category\":\"positive\"},{\"color\":[0,0,0],\"num\":240738,\"category\":\"negative\"}],\"top\":57,\"left\":177,\"bottom\":450,\"confidence\":\"medium\",\"label\":\"http://faye.nat300.top/files/f177c90d90734650969af59441ca2045_predict_177_57_450_57\",\"right\":871,\"type\":\"change_detection\",\"min_pixel\":50}');
INSERT INTO `boxselection` VALUES (60, 0, 9, NULL, '2022-07-01 15:34:08', '2022-07-01 15:34:09', 469, 232, 901, 975, 'http://faye.nat300.top/files/f177c90d90734650969af59441ca2045_predict_232_469_901_469', '{\"data\":[{\"color\":[255,255,255],\"num\":59213,\"category\":\"positive\"},{\"color\":[0,0,0],\"num\":261763,\"category\":\"negative\"}],\"top\":469,\"left\":232,\"bottom\":901,\"confidence\":\"medium\",\"label\":\"http://faye.nat300.top/files/f177c90d90734650969af59441ca2045_predict_232_469_901_469\",\"right\":975,\"type\":\"change_detection\",\"min_pixel\":50}');
INSERT INTO `boxselection` VALUES (61, 0, 10, NULL, '2022-07-01 15:34:23', '2022-07-01 15:34:24', 0, 0, 1024, 1024, 'http://faye.nat300.top/files/48d8d6918398420fae1bbbbc391aac22_predict_0_0_1024_0', '{\"data\":[{\"color\":[255,255,255],\"num\":128900,\"category\":\"positive\"},{\"color\":[0,0,0],\"num\":919676,\"category\":\"negative\"}],\"top\":0,\"left\":0,\"bottom\":1024,\"confidence\":\"medium\",\"label\":\"http://faye.nat300.top/files/48d8d6918398420fae1bbbbc391aac22_predict_0_0_1024_0\",\"right\":1024,\"type\":\"change_detection\",\"min_pixel\":50}');
INSERT INTO `boxselection` VALUES (62, 1, 13, NULL, '2022-07-01 15:35:00', '2022-07-01 15:35:00', 0, 0, 512, 512, 'http://faye.nat300.top/files/ee5aa870af624fd69e2c5cdc90bdb96e_predict_0_0_512_0', '{\"data\":[{\"color\":[200,0,0],\"num\":0,\"category\":\"industrial_land\"},{\"color\":[250,0,150],\"num\":0,\"category\":\"urban_residential\"},{\"color\":[200,150,150],\"num\":18877,\"category\":\"rural_residential\"},{\"color\":[250,150,150],\"num\":16567,\"category\":\"traffic_land\"},{\"color\":[0,200,0],\"num\":0,\"category\":\"paddy_field\"},{\"color\":[150,250,0],\"num\":214470,\"category\":\"irrigated_land\"},{\"color\":[150,200,150],\"num\":0,\"category\":\"dry_cropland\"},{\"color\":[200,0,200],\"num\":0,\"category\":\"garden_plot\"},{\"color\":[150,0,250],\"num\":0,\"category\":\"arbor_woodland\"},{\"color\":[150,150,250],\"num\":0,\"category\":\"shrub_land\"},{\"color\":[250,200,0],\"num\":0,\"category\":\"natural_grassland\"},{\"color\":[200,200,0],\"num\":0,\"category\":\"artificial_grassland\"},{\"color\":[0,0,200],\"num\":641,\"category\":\"river\"},{\"color\":[0,150,200],\"num\":0,\"category\":\"lake\"},{\"color\":[0,200,250],\"num\":7903,\"category\":\"pond\"}],\"top\":0,\"left\":0,\"bottom\":512,\"confidence\":\"medium\",\"label\":\"http://faye.nat300.top/files/ee5aa870af624fd69e2c5cdc90bdb96e_predict_0_0_512_0\",\"right\":512,\"type\":\"segmentation_15classes\",\"min_pixel\":50}');
INSERT INTO `boxselection` VALUES (63, 0, 11, NULL, '2022-07-01 15:43:22', '2022-07-01 15:43:25', 0, 0, 1024, 1024, 'http://faye.nat300.top/files/eb7941811d9345eea1caee66a4d2570c_predict_0_0_1024_0', '{\"data\":[{\"color\":[255,255,255],\"num\":128900,\"category\":\"positive\"},{\"color\":[0,0,0],\"num\":919676,\"category\":\"negative\"}],\"top\":0,\"left\":0,\"bottom\":1024,\"confidence\":\"medium\",\"label\":\"http://faye.nat300.top/files/eb7941811d9345eea1caee66a4d2570c_predict_0_0_1024_0\",\"right\":1024,\"type\":\"change_detection\",\"min_pixel\":50}');
INSERT INTO `boxselection` VALUES (64, 0, 12, NULL, '2022-07-01 15:44:36', '2022-07-01 15:44:37', 0, 0, 1024, 1024, 'http://faye.nat300.top/files/3decaa0e81f9489a90876b4e1afb6c3f_predict_0_0_1024_0', '{\"data\":[{\"color\":[255,255,255],\"num\":128900,\"category\":\"positive\"},{\"color\":[0,0,0],\"num\":919676,\"category\":\"negative\"}],\"top\":0,\"left\":0,\"bottom\":1024,\"confidence\":\"medium\",\"label\":\"http://faye.nat300.top/files/3decaa0e81f9489a90876b4e1afb6c3f_predict_0_0_1024_0\",\"right\":1024,\"type\":\"change_detection\",\"min_pixel\":50}');
INSERT INTO `boxselection` VALUES (65, 3, 32, NULL, '2022-07-01 15:45:09', '2022-07-01 15:45:14', 0, 0, 1024, 1024, 'http://faye.nat300.top/files/c95fa335dcf34ffa8b42a554833967c7_predict_0_0_1024_0', '{\"data\":[{\"color\":[255,255,255],\"num\":5867,\"category\":\"positive\"},{\"color\":[0,0,0],\"num\":1042709,\"category\":\"negative\"}],\"top\":0,\"left\":0,\"bottom\":1024,\"confidence\":\"medium\",\"label\":\"http://faye.nat300.top/files/c95fa335dcf34ffa8b42a554833967c7_predict_0_0_1024_0\",\"right\":1024,\"type\":\"road_extraction\",\"min_pixel\":50}');
INSERT INTO `boxselection` VALUES (66, 3, 33, NULL, '2022-07-01 15:51:24', '2022-07-01 15:51:25', 0, 0, 512, 512, 'http://faye.nat300.top/files/5ff7113ac6d34f40ac76ca5976ab605d_predict_0_0_512_0', '{\"data\":[{\"color\":[255,255,255],\"num\":262,\"category\":\"positive\"},{\"color\":[0,0,0],\"num\":261882,\"category\":\"negative\"}],\"top\":0,\"left\":0,\"bottom\":512,\"confidence\":\"medium\",\"label\":\"http://faye.nat300.top/files/5ff7113ac6d34f40ac76ca5976ab605d_predict_0_0_512_0\",\"right\":512,\"type\":\"water_extraction\",\"min_pixel\":50}');
INSERT INTO `boxselection` VALUES (67, 0, 13, NULL, '2022-07-01 15:55:52', '2022-07-01 15:55:53', 0, 0, 1024, 1024, 'http://faye.nat300.top/files/091f9d5d0c3445c48cca4c2db11533cc_predict_0_0_1024_0', '{\"data\":[{\"color\":[255,255,255],\"num\":128900,\"category\":\"positive\"},{\"color\":[0,0,0],\"num\":919676,\"category\":\"negative\"}],\"top\":0,\"left\":0,\"bottom\":1024,\"confidence\":\"medium\",\"label\":\"http://faye.nat300.top/files/091f9d5d0c3445c48cca4c2db11533cc_predict_0_0_1024_0\",\"right\":1024,\"type\":\"change_detection\",\"min_pixel\":50}');
INSERT INTO `boxselection` VALUES (68, 1, 14, NULL, '2022-07-02 08:34:09', '2022-07-02 08:34:19', 0, 0, 512, 512, 'http://faye.nat300.top/files/c39efe3ffed1453bb3f37efa6a3f4702_predict_0_0_512_0', '{\"data\":[{\"color\":[200,0,0],\"num\":7210,\"category\":\"industrial_land\"},{\"color\":[250,0,150],\"num\":2117,\"category\":\"urban_residential\"},{\"color\":[200,150,150],\"num\":74133,\"category\":\"rural_residential\"},{\"color\":[250,150,150],\"num\":14614,\"category\":\"traffic_land\"},{\"color\":[0,200,0],\"num\":0,\"category\":\"paddy_field\"},{\"color\":[150,250,0],\"num\":141977,\"category\":\"irrigated_land\"},{\"color\":[150,200,150],\"num\":0,\"category\":\"dry_cropland\"},{\"color\":[200,0,200],\"num\":0,\"category\":\"garden_plot\"},{\"color\":[150,0,250],\"num\":0,\"category\":\"arbor_woodland\"},{\"color\":[150,150,250],\"num\":1039,\"category\":\"shrub_land\"},{\"color\":[250,200,0],\"num\":0,\"category\":\"natural_grassland\"},{\"color\":[200,200,0],\"num\":0,\"category\":\"artificial_grassland\"},{\"color\":[0,0,200],\"num\":127,\"category\":\"river\"},{\"color\":[0,150,200],\"num\":0,\"category\":\"lake\"},{\"color\":[0,200,250],\"num\":10747,\"category\":\"pond\"}],\"top\":0,\"left\":0,\"bottom\":512,\"confidence\":\"medium\",\"label\":\"http://faye.nat300.top/files/c39efe3ffed1453bb3f37efa6a3f4702_predict_0_0_512_0\",\"right\":512,\"type\":\"segmentation_15classes\",\"min_pixel\":50}');
INSERT INTO `boxselection` VALUES (69, 0, 14, NULL, '2022-07-02 08:47:21', '2022-07-02 08:47:29', 0, 0, 1024, 1024, 'http://faye.nat300.top/files/40c85321fde04214a6bbeb9f3d2fd64e_predict_0_0_1024_0', '{\"data\":[{\"color\":[255,255,255],\"num\":128900,\"category\":\"positive\"},{\"color\":[0,0,0],\"num\":919676,\"category\":\"negative\"}],\"top\":0,\"left\":0,\"bottom\":1024,\"confidence\":\"medium\",\"label\":\"http://faye.nat300.top/files/40c85321fde04214a6bbeb9f3d2fd64e_predict_0_0_1024_0\",\"right\":1024,\"type\":\"change_detection\",\"min_pixel\":50}');
INSERT INTO `boxselection` VALUES (70, 0, 15, NULL, '2022-07-02 09:13:31', '2022-07-02 09:13:32', 0, 0, 1024, 1024, 'http://faye.nat300.top/files/af973e7a9e50475aa9843579082ebeeb_predict_0_0_1024_0', '{\"data\":[{\"color\":[255,255,255],\"num\":128900,\"category\":\"positive\"},{\"color\":[0,0,0],\"num\":919676,\"category\":\"negative\"}],\"top\":0,\"left\":0,\"bottom\":1024,\"confidence\":\"medium\",\"label\":\"http://faye.nat300.top/files/af973e7a9e50475aa9843579082ebeeb_predict_0_0_1024_0\",\"right\":1024,\"type\":\"change_detection\",\"min_pixel\":50}');
INSERT INTO `boxselection` VALUES (71, 3, 34, NULL, '2022-07-02 09:31:14', '2022-07-02 09:31:20', 156, 157, 1174, 805, 'http://faye.nat300.top/files/195420e4257b407bbbecad5ae8e426b7_predict_157_156_1174_156', '{\"data\":[{\"color\":[255,255,255],\"num\":36917,\"category\":\"positive\"},{\"color\":[0,0,0],\"num\":622747,\"category\":\"negative\"}],\"top\":156,\"left\":157,\"bottom\":1174,\"confidence\":\"medium\",\"label\":\"http://faye.nat300.top/files/195420e4257b407bbbecad5ae8e426b7_predict_157_156_1174_156\",\"right\":805,\"type\":\"road_extraction\",\"min_pixel\":50}');
INSERT INTO `boxselection` VALUES (72, 3, 34, NULL, '2022-07-02 09:31:33', '2022-07-02 09:31:34', 104, 965, 786, 1480, 'http://faye.nat300.top/files/195420e4257b407bbbecad5ae8e426b7_predict_965_104_786_104', '{\"data\":[{\"color\":[255,255,255],\"num\":23455,\"category\":\"positive\"},{\"color\":[0,0,0],\"num\":327775,\"category\":\"negative\"}],\"top\":104,\"left\":965,\"bottom\":786,\"confidence\":\"medium\",\"label\":\"http://faye.nat300.top/files/195420e4257b407bbbecad5ae8e426b7_predict_965_104_786_104\",\"right\":1480,\"type\":\"road_extraction\",\"min_pixel\":50}');
INSERT INTO `boxselection` VALUES (73, 0, 16, NULL, '2022-07-02 10:36:22', '2022-07-02 10:36:23', 321, 343, 675, 698, 'http://faye.nat300.top/files/cc834027b7784bdc8e9da972513247e7_predict_343_321_675_321', '{\"data\":[{\"color\":[255,255,255],\"num\":17209,\"category\":\"positive\"},{\"color\":[0,0,0],\"num\":108461,\"category\":\"negative\"}],\"top\":321,\"left\":343,\"bottom\":675,\"confidence\":\"medium\",\"label\":\"http://faye.nat300.top/files/cc834027b7784bdc8e9da972513247e7_predict_343_321_675_321\",\"right\":698,\"type\":\"change_detection\",\"min_pixel\":50}');
INSERT INTO `boxselection` VALUES (74, 0, 17, NULL, '2022-07-02 11:06:32', '2022-07-02 11:06:38', 0, 0, 1024, 1024, 'http://faye.nat300.top/files/a073b39f9c9246b19fffb47b8c7b1f11_predict_0_0_1024_0', '{\"data\":[{\"color\":[255,255,255],\"num\":128900,\"category\":\"positive\"},{\"color\":[0,0,0],\"num\":919676,\"category\":\"negative\"}],\"top\":0,\"left\":0,\"bottom\":1024,\"confidence\":\"medium\",\"label\":\"http://faye.nat300.top/files/a073b39f9c9246b19fffb47b8c7b1f11_predict_0_0_1024_0\",\"right\":1024,\"type\":\"change_detection\",\"min_pixel\":50}');
INSERT INTO `boxselection` VALUES (75, 2, 2, NULL, '2022-07-02 11:09:33', '2022-07-02 11:10:00', 0, 0, 915, 1044, 'http://faye.nat300.top/files/c42a301e33bc464ca39865710b8f77bc_predict_0_0_915_0', '{\"data\":[{\"score\":0.9423033595085144,\"category_id\":0,\"bbox\":[568,185,85,66],\"category\":\"aircraft\"},{\"score\":0.9371408820152283,\"category_id\":0,\"bbox\":[910,312,93,82],\"category\":\"aircraft\"},{\"score\":0.9347618222236633,\"category_id\":0,\"bbox\":[369,33,91,62],\"category\":\"aircraft\"},{\"score\":0.9314311146736145,\"category_id\":0,\"bbox\":[296,275,98,85],\"category\":\"aircraft\"},{\"score\":0.9241141080856323,\"category_id\":0,\"bbox\":[825,98,78,63],\"category\":\"aircraft\"},{\"score\":0.9239072799682617,\"category_id\":0,\"bbox\":[704,392,89,87],\"category\":\"aircraft\"},{\"score\":0.9233038425445557,\"category_id\":0,\"bbox\":[580,435,98,96],\"category\":\"aircraft\"},{\"score\":0.9158796668052673,\"category_id\":0,\"bbox\":[941,87,52,37],\"category\":\"aircraft\"},{\"score\":0.9086059927940369,\"category_id\":0,\"bbox\":[67,343,99,80],\"category\":\"aircraft\"},{\"score\":0.905829906463623,\"category_id\":0,\"bbox\":[932,51,47,32],\"category\":\"aircraft\"},{\"score\":0.8116364479064941,\"category_id\":0,\"bbox\":[455,474,105,115],\"category\":\"aircraft\"},{\"score\":0.8086442351341248,\"category_id\":0,\"bbox\":[209,562,94,108],\"category\":\"aircraft\"},{\"score\":0.7302625775337219,\"category_id\":0,\"bbox\":[1007,260,35,43],\"category\":\"aircraft\"}],\"top\":0,\"left\":0,\"bottom\":915,\"confidence\":\"medium\",\"label\":\"http://faye.nat300.top/files/c42a301e33bc464ca39865710b8f77bc_predict_0_0_915_0\",\"right\":1044,\"type\":\"object_detection_aircraft\",\"min_pixel\":50}');
INSERT INTO `boxselection` VALUES (76, 0, 19, NULL, '2022-07-02 11:10:27', '2022-07-02 11:10:40', 0, 0, 1024, 1024, 'http://faye.nat300.top/files/b2c00dd4462d4ead8f791994fe62b5a8_predict_0_0_1024_0', '{\"data\":[{\"color\":[255,255,255],\"num\":128900,\"category\":\"positive\"},{\"color\":[0,0,0],\"num\":919676,\"category\":\"negative\"}],\"top\":0,\"left\":0,\"bottom\":1024,\"confidence\":\"medium\",\"label\":\"http://faye.nat300.top/files/b2c00dd4462d4ead8f791994fe62b5a8_predict_0_0_1024_0\",\"right\":1024,\"type\":\"change_detection\",\"min_pixel\":50}');
INSERT INTO `boxselection` VALUES (77, 0, 20, NULL, '2022-07-02 11:12:12', '2022-07-02 11:12:17', 432, 236, 867, 960, 'http://faye.nat300.top/files/c3e95fdbe28b4eab8940050c7a77566f_predict_236_432_867_432', '{\"data\":[{\"color\":[255,255,255],\"num\":56619,\"category\":\"positive\"},{\"color\":[0,0,0],\"num\":258321,\"category\":\"negative\"}],\"top\":432,\"left\":236,\"bottom\":867,\"confidence\":\"medium\",\"label\":\"http://faye.nat300.top/files/c3e95fdbe28b4eab8940050c7a77566f_predict_236_432_867_432\",\"right\":960,\"type\":\"change_detection\",\"min_pixel\":50}');
INSERT INTO `boxselection` VALUES (78, 0, 20, NULL, '2022-07-02 11:12:46', '2022-07-02 11:12:46', 92, 243, 364, 1020, 'http://faye.nat300.top/files/c3e95fdbe28b4eab8940050c7a77566f_predict_243_92_364_92', '{\"data\":[{\"color\":[255,255,255],\"num\":9277,\"category\":\"positive\"},{\"color\":[0,0,0],\"num\":202067,\"category\":\"negative\"}],\"top\":92,\"left\":243,\"bottom\":364,\"confidence\":\"medium\",\"label\":\"http://faye.nat300.top/files/c3e95fdbe28b4eab8940050c7a77566f_predict_243_92_364_92\",\"right\":1020,\"type\":\"change_detection\",\"min_pixel\":50}');
INSERT INTO `boxselection` VALUES (79, 3, 35, NULL, '2022-07-02 11:13:12', '2022-07-02 11:13:12', 0, 0, 512, 512, 'http://faye.nat300.top/files/3612da248bcf4110acbd54460bdd7fc7_predict_0_0_512_0', '{\"data\":[{\"color\":[255,255,255],\"num\":100835,\"category\":\"positive\"},{\"color\":[0,0,0],\"num\":161309,\"category\":\"negative\"}],\"top\":0,\"left\":0,\"bottom\":512,\"confidence\":\"medium\",\"label\":\"http://faye.nat300.top/files/3612da248bcf4110acbd54460bdd7fc7_predict_0_0_512_0\",\"right\":512,\"type\":\"water_extraction\",\"min_pixel\":50}');
INSERT INTO `boxselection` VALUES (80, 0, 21, NULL, '2022-07-02 11:16:34', '2022-07-02 11:16:35', 456, 147, 910, 961, 'http://faye.nat300.top/files/fa875d1913b14c4a9aa46370de1d2cc3_predict_147_456_910_456', '{\"data\":[{\"color\":[255,255,255],\"num\":64421,\"category\":\"positive\"},{\"color\":[0,0,0],\"num\":305135,\"category\":\"negative\"}],\"top\":456,\"left\":147,\"bottom\":910,\"confidence\":\"medium\",\"label\":\"http://faye.nat300.top/files/fa875d1913b14c4a9aa46370de1d2cc3_predict_147_456_910_456\",\"right\":961,\"type\":\"change_detection\",\"min_pixel\":50}');
INSERT INTO `boxselection` VALUES (81, 0, 22, NULL, '2022-07-02 11:16:51', '2022-07-02 11:16:52', 263, 312, 678, 723, 'http://faye.nat300.top/files/35a53f0e35de408f9de48ad5d3eb6acb_predict_312_263_678_263', '{\"data\":[{\"color\":[255,255,255],\"num\":27892,\"category\":\"positive\"},{\"color\":[0,0,0],\"num\":142673,\"category\":\"negative\"}],\"top\":263,\"left\":312,\"bottom\":678,\"confidence\":\"medium\",\"label\":\"http://faye.nat300.top/files/35a53f0e35de408f9de48ad5d3eb6acb_predict_312_263_678_263\",\"right\":723,\"type\":\"change_detection\",\"min_pixel\":50}');
INSERT INTO `boxselection` VALUES (82, 3, 36, NULL, '2022-07-02 11:44:57', '2022-07-02 11:45:08', 481, 515, 1054, 1075, 'http://faye.nat300.top/files/c6d93ab3597c4f59a78d896434edbe82_predict_515_481_1054_481', '{\"data\":[{\"color\":[255,255,255],\"num\":11309,\"category\":\"positive\"},{\"color\":[0,0,0],\"num\":309571,\"category\":\"negative\"}],\"top\":481,\"left\":515,\"bottom\":1054,\"confidence\":\"medium\",\"label\":\"http://faye.nat300.top/files/c6d93ab3597c4f59a78d896434edbe82_predict_515_481_1054_481\",\"right\":1075,\"type\":\"road_extraction\",\"min_pixel\":50}');
INSERT INTO `boxselection` VALUES (83, 3, 37, NULL, '2022-07-02 11:46:22', '2022-07-02 11:46:24', 121, 540, 969, 1442, 'http://faye.nat300.top/files/6fe4a42115d3430babd22259d7cd2984_predict_540_121_969_121', '{\"data\":[{\"color\":[255,255,255],\"num\":89848,\"category\":\"positive\"},{\"color\":[0,0,0],\"num\":675048,\"category\":\"negative\"}],\"top\":121,\"left\":540,\"bottom\":969,\"confidence\":\"medium\",\"label\":\"http://faye.nat300.top/files/6fe4a42115d3430babd22259d7cd2984_predict_540_121_969_121\",\"right\":1442,\"type\":\"road_extraction\",\"min_pixel\":50}');
INSERT INTO `boxselection` VALUES (84, 3, 38, NULL, '2022-07-02 12:14:10', '2022-07-02 12:14:18', 154, 722, 894, 1447, 'http://faye.nat300.top/files/c8f54e7f61ee43f4b29c26558b7daf6a_predict_722_154_894_154', '{\"data\":[{\"color\":[255,255,255],\"num\":54945,\"category\":\"positive\"},{\"color\":[0,0,0],\"num\":481555,\"category\":\"negative\"}],\"top\":154,\"left\":722,\"bottom\":894,\"confidence\":\"medium\",\"label\":\"http://faye.nat300.top/files/c8f54e7f61ee43f4b29c26558b7daf6a_predict_722_154_894_154\",\"right\":1447,\"type\":\"road_extraction\",\"min_pixel\":50}');
INSERT INTO `boxselection` VALUES (85, 0, 23, NULL, '2022-07-02 16:02:46', '2022-07-02 16:02:55', 333, 214, 882, 985, 'http://faye.nat300.top/files/5b90b406e5834c469587d08d332240a2_predict_214_333_882_333', '{\"data\":[{\"color\":[255,255,255],\"num\":44476,\"category\":\"positive\"},{\"color\":[0,0,0],\"num\":378803,\"category\":\"negative\"}],\"top\":333,\"left\":214,\"bottom\":882,\"confidence\":\"medium\",\"label\":\"http://faye.nat300.top/files/5b90b406e5834c469587d08d332240a2_predict_214_333_882_333\",\"right\":985,\"type\":\"change_detection\",\"min_pixel\":50}');
INSERT INTO `boxselection` VALUES (86, 3, 39, NULL, '2022-07-02 23:17:35', '2022-07-02 23:17:41', 153, 685, 922, 1461, 'http://faye.nat300.top/files/665a8882d6384ec1bb16b3389e2ed1bc_predict_685_153_922_153', '{\"data\":[{\"color\":[255,255,255],\"num\":33893,\"category\":\"positive\"},{\"color\":[0,0,0],\"num\":562851,\"category\":\"negative\"}],\"top\":153,\"left\":685,\"bottom\":922,\"confidence\":\"medium\",\"label\":\"http://faye.nat300.top/files/665a8882d6384ec1bb16b3389e2ed1bc_predict_685_153_922_153\",\"right\":1461,\"type\":\"road_extraction\",\"min_pixel\":50}');
INSERT INTO `boxselection` VALUES (87, 1, 15, NULL, '2022-07-02 23:24:42', '2022-07-02 23:24:43', 0, 0, 512, 512, 'http://faye.nat300.top/files/a2d6cebe285742f79008b00d979022f4_predict_0_0_512_0', '{\"data\":[{\"color\":[200,0,0],\"num\":12753,\"category\":\"industrial_land\"},{\"color\":[250,0,150],\"num\":848,\"category\":\"urban_residential\"},{\"color\":[200,150,150],\"num\":39467,\"category\":\"rural_residential\"},{\"color\":[250,150,150],\"num\":26656,\"category\":\"traffic_land\"},{\"color\":[0,200,0],\"num\":0,\"category\":\"paddy_field\"},{\"color\":[150,250,0],\"num\":157912,\"category\":\"irrigated_land\"},{\"color\":[150,200,150],\"num\":0,\"category\":\"dry_cropland\"},{\"color\":[200,0,200],\"num\":113,\"category\":\"garden_plot\"},{\"color\":[150,0,250],\"num\":0,\"category\":\"arbor_woodland\"},{\"color\":[150,150,250],\"num\":0,\"category\":\"shrub_land\"},{\"color\":[250,200,0],\"num\":0,\"category\":\"natural_grassland\"},{\"color\":[200,200,0],\"num\":0,\"category\":\"artificial_grassland\"},{\"color\":[0,0,200],\"num\":307,\"category\":\"river\"},{\"color\":[0,150,200],\"num\":0,\"category\":\"lake\"},{\"color\":[0,200,250],\"num\":9251,\"category\":\"pond\"}],\"top\":0,\"left\":0,\"bottom\":512,\"confidence\":\"medium\",\"label\":\"http://faye.nat300.top/files/a2d6cebe285742f79008b00d979022f4_predict_0_0_512_0\",\"right\":512,\"type\":\"segmentation_15classes\",\"min_pixel\":50}');
INSERT INTO `boxselection` VALUES (88, 1, 16, NULL, '2022-07-02 23:26:12', '2022-07-02 23:26:12', 0, 0, 512, 512, 'http://faye.nat300.top/files/874f364b0ef144d9885483525b8a92a7_predict_0_0_512_0', '{\"data\":[{\"color\":[200,0,0],\"num\":0,\"category\":\"industrial_land\"},{\"color\":[250,0,150],\"num\":0,\"category\":\"urban_residential\"},{\"color\":[200,150,150],\"num\":6695,\"category\":\"rural_residential\"},{\"color\":[250,150,150],\"num\":0,\"category\":\"traffic_land\"},{\"color\":[0,200,0],\"num\":0,\"category\":\"paddy_field\"},{\"color\":[150,250,0],\"num\":243274,\"category\":\"irrigated_land\"},{\"color\":[150,200,150],\"num\":0,\"category\":\"dry_cropland\"},{\"color\":[200,0,200],\"num\":0,\"category\":\"garden_plot\"},{\"color\":[150,0,250],\"num\":1094,\"category\":\"arbor_woodland\"},{\"color\":[150,150,250],\"num\":2845,\"category\":\"shrub_land\"},{\"color\":[250,200,0],\"num\":0,\"category\":\"natural_grassland\"},{\"color\":[200,200,0],\"num\":0,\"category\":\"artificial_grassland\"},{\"color\":[0,0,200],\"num\":763,\"category\":\"river\"},{\"color\":[0,150,200],\"num\":0,\"category\":\"lake\"},{\"color\":[0,200,250],\"num\":2988,\"category\":\"pond\"}],\"top\":0,\"left\":0,\"bottom\":512,\"confidence\":\"medium\",\"label\":\"http://faye.nat300.top/files/874f364b0ef144d9885483525b8a92a7_predict_0_0_512_0\",\"right\":512,\"type\":\"segmentation_15classes\",\"min_pixel\":50}');
INSERT INTO `boxselection` VALUES (89, 0, 24, NULL, '2022-07-02 23:44:21', '2022-07-02 23:44:22', 0, 0, 1024, 1024, 'http://faye.nat300.top/files/a8cef0de5fa84da0965c8c3a9288e98d_predict_0_0_1024_0', '{\"data\":[{\"color\":[255,255,255],\"num\":128900,\"category\":\"positive\"},{\"color\":[0,0,0],\"num\":919676,\"category\":\"negative\"}],\"top\":0,\"left\":0,\"bottom\":1024,\"confidence\":\"medium\",\"label\":\"http://faye.nat300.top/files/a8cef0de5fa84da0965c8c3a9288e98d_predict_0_0_1024_0\",\"right\":1024,\"type\":\"change_detection\",\"min_pixel\":50}');
INSERT INTO `boxselection` VALUES (90, 3, 40, NULL, '2022-07-03 01:04:46', '2022-07-03 01:05:01', 295, 171, 1319, 1369, 'http://faye.nat300.top/files/d4c73ef01ae04c9eb541c214df025c4a_predict_171_295_1319_295', '{\"data\":[{\"color\":[255,255,255],\"num\":109824,\"category\":\"positive\"},{\"color\":[0,0,0],\"num\":1116928,\"category\":\"negative\"}],\"top\":295,\"left\":171,\"bottom\":1319,\"confidence\":\"medium\",\"label\":\"http://faye.nat300.top/files/d4c73ef01ae04c9eb541c214df025c4a_predict_171_295_1319_295\",\"right\":1369,\"type\":\"road_extraction\",\"min_pixel\":50}');
INSERT INTO `boxselection` VALUES (91, 0, 25, NULL, '2022-07-03 01:06:07', '2022-07-03 01:06:07', 0, 0, 1024, 1024, 'http://faye.nat300.top/files/d7157fbfdcf14913b4d8936be22d5096_predict_0_0_1024_0', '{\"data\":[{\"color\":[255,255,255],\"num\":128900,\"category\":\"positive\"},{\"color\":[0,0,0],\"num\":919676,\"category\":\"negative\"}],\"top\":0,\"left\":0,\"bottom\":1024,\"confidence\":\"medium\",\"label\":\"http://faye.nat300.top/files/d7157fbfdcf14913b4d8936be22d5096_predict_0_0_1024_0\",\"right\":1024,\"type\":\"change_detection\",\"min_pixel\":50}');
INSERT INTO `boxselection` VALUES (92, 1, 17, NULL, '2022-07-03 01:07:16', '2022-07-03 01:07:17', 0, 0, 512, 512, 'http://faye.nat300.top/files/3cb08150b1c4441893904a3b90f9892e_predict_0_0_512_0', '{\"data\":[{\"color\":[200,0,0],\"num\":0,\"category\":\"industrial_land\"},{\"color\":[250,0,150],\"num\":0,\"category\":\"urban_residential\"},{\"color\":[200,150,150],\"num\":88499,\"category\":\"rural_residential\"},{\"color\":[250,150,150],\"num\":5005,\"category\":\"traffic_land\"},{\"color\":[0,200,0],\"num\":0,\"category\":\"paddy_field\"},{\"color\":[150,250,0],\"num\":116485,\"category\":\"irrigated_land\"},{\"color\":[150,200,150],\"num\":0,\"category\":\"dry_cropland\"},{\"color\":[200,0,200],\"num\":74,\"category\":\"garden_plot\"},{\"color\":[150,0,250],\"num\":14861,\"category\":\"arbor_woodland\"},{\"color\":[150,150,250],\"num\":5571,\"category\":\"shrub_land\"},{\"color\":[250,200,0],\"num\":0,\"category\":\"natural_grassland\"},{\"color\":[200,200,0],\"num\":0,\"category\":\"artificial_grassland\"},{\"color\":[0,0,200],\"num\":1799,\"category\":\"river\"},{\"color\":[0,150,200],\"num\":365,\"category\":\"lake\"},{\"color\":[0,200,250],\"num\":13313,\"category\":\"pond\"}],\"top\":0,\"left\":0,\"bottom\":512,\"confidence\":\"medium\",\"label\":\"http://faye.nat300.top/files/3cb08150b1c4441893904a3b90f9892e_predict_0_0_512_0\",\"right\":512,\"type\":\"segmentation_15classes\",\"min_pixel\":50}');
INSERT INTO `boxselection` VALUES (93, 2, 3, NULL, '2022-07-03 01:39:58', '2022-07-03 01:39:58', 0, 0, 915, 1044, 'http://faye.nat300.top/files/6d44c97079f641609859e44984257f9a_predict_0_0_915_0', '{\"data\":[{\"score\":0.9387500882148743,\"category_id\":0,\"bbox\":[822,498,70,47],\"category\":\"aircraft\"},{\"score\":0.9352918863296509,\"category_id\":0,\"bbox\":[556,457,46,38],\"category\":\"aircraft\"},{\"score\":0.9314644932746887,\"category_id\":0,\"bbox\":[340,441,66,47],\"category\":\"aircraft\"},{\"score\":0.9256481528282166,\"category_id\":0,\"bbox\":[249,347,58,43],\"category\":\"aircraft\"},{\"score\":0.9234768152236938,\"category_id\":0,\"bbox\":[620,342,45,43],\"category\":\"aircraft\"},{\"score\":0.9234308004379272,\"category_id\":0,\"bbox\":[746,417,63,47],\"category\":\"aircraft\"},{\"score\":0.92235267162323,\"category_id\":0,\"bbox\":[111,551,66,56],\"category\":\"aircraft\"},{\"score\":0.9167423248291016,\"category_id\":0,\"bbox\":[269,819,54,51],\"category\":\"aircraft\"},{\"score\":0.9121532440185547,\"category_id\":0,\"bbox\":[147,413,68,47],\"category\":\"aircraft\"},{\"score\":0.9099823832511902,\"category_id\":0,\"bbox\":[956,513,22,22],\"category\":\"aircraft\"},{\"score\":0.9094110131263733,\"category_id\":0,\"bbox\":[704,371,58,42],\"category\":\"aircraft\"},{\"score\":0.9076312780380249,\"category_id\":0,\"bbox\":[754,639,74,64],\"category\":\"aircraft\"},{\"score\":0.9075561761856079,\"category_id\":0,\"bbox\":[972,473,22,20],\"category\":\"aircraft\"},{\"score\":0.9013767242431641,\"category_id\":0,\"bbox\":[880,539,48,36],\"category\":\"aircraft\"},{\"score\":0.8936331272125244,\"category_id\":0,\"bbox\":[1011,510,22,23],\"category\":\"aircraft\"},{\"score\":0.8928723335266113,\"category_id\":0,\"bbox\":[564,421,40,36],\"category\":\"aircraft\"},{\"score\":0.8878390789031982,\"category_id\":0,\"bbox\":[686,551,70,66],\"category\":\"aircraft\"},{\"score\":0.8797298669815063,\"category_id\":0,\"bbox\":[991,490,24,23],\"category\":\"aircraft\"},{\"score\":0.87861567735672,\"category_id\":0,\"bbox\":[1025,467,17,21],\"category\":\"aircraft\"},{\"score\":0.8656631708145142,\"category_id\":0,\"bbox\":[614,222,27,20],\"category\":\"aircraft\"},{\"score\":0.8645420670509338,\"category_id\":0,\"bbox\":[226,386,68,55],\"category\":\"aircraft\"},{\"score\":0.8630730509757996,\"category_id\":0,\"bbox\":[544,490,34,32],\"category\":\"aircraft\"},{\"score\":0.8604570031166077,\"category_id\":0,\"bbox\":[650,516,34,33],\"category\":\"aircraft\"},{\"score\":0.8589320778846741,\"category_id\":0,\"bbox\":[939,495,22,23],\"category\":\"aircraft\"},{\"score\":0.857195258140564,\"category_id\":0,\"bbox\":[88,466,59,61],\"category\":\"aircraft\"},{\"score\":0.8505059480667114,\"category_id\":0,\"bbox\":[301,386,87,53],\"category\":\"aircraft\"},{\"score\":0.8415507674217224,\"category_id\":0,\"bbox\":[1003,450,23,19],\"category\":\"aircraft\"},{\"score\":0.8300355076789856,\"category_id\":0,\"bbox\":[204,794,73,71],\"category\":\"aircraft\"},{\"score\":0.8107719421386719,\"category_id\":0,\"bbox\":[992,552,30,28],\"category\":\"aircraft\"},{\"score\":0.8064783215522766,\"category_id\":0,\"bbox\":[809,458,31,26],\"category\":\"aircraft\"},{\"score\":0.7857712507247925,\"category_id\":0,\"bbox\":[975,532,25,23],\"category\":\"aircraft\"},{\"score\":0.7767611742019653,\"category_id\":0,\"bbox\":[1030,528,12,19],\"category\":\"aircraft\"},{\"score\":0.43804290890693665,\"category_id\":0,\"bbox\":[293,388,63,45],\"category\":\"aircraft\"},{\"score\":0.36756929755210876,\"category_id\":0,\"bbox\":[327,395,68,45],\"category\":\"aircraft\"}],\"top\":0,\"left\":0,\"bottom\":915,\"confidence\":\"medium\",\"label\":\"http://faye.nat300.top/files/6d44c97079f641609859e44984257f9a_predict_0_0_915_0\",\"right\":1044,\"type\":\"object_detection_aircraft\",\"min_pixel\":50}');
INSERT INTO `boxselection` VALUES (94, 1, 18, NULL, '2022-07-03 01:49:39', '2022-07-03 01:49:44', 0, 0, 1080, 1664, 'http://faye.nat300.top/files/5aad875c5af64b359c1a90bf89605e96_predict_0_0_1080_0', '{\"data\":[{\"color\":[200,0,0],\"num\":7824,\"category\":\"industrial_land\"},{\"color\":[250,0,150],\"num\":0,\"category\":\"urban_residential\"},{\"color\":[200,150,150],\"num\":0,\"category\":\"rural_residential\"},{\"color\":[250,150,150],\"num\":27601,\"category\":\"traffic_land\"},{\"color\":[0,200,0],\"num\":0,\"category\":\"paddy_field\"},{\"color\":[150,250,0],\"num\":0,\"category\":\"irrigated_land\"},{\"color\":[150,200,150],\"num\":0,\"category\":\"dry_cropland\"},{\"color\":[200,0,200],\"num\":0,\"category\":\"garden_plot\"},{\"color\":[150,0,250],\"num\":305214,\"category\":\"arbor_woodland\"},{\"color\":[150,150,250],\"num\":0,\"category\":\"shrub_land\"},{\"color\":[250,200,0],\"num\":0,\"category\":\"natural_grassland\"},{\"color\":[200,200,0],\"num\":0,\"category\":\"artificial_grassland\"},{\"color\":[0,0,200],\"num\":1101166,\"category\":\"river\"},{\"color\":[0,150,200],\"num\":296535,\"category\":\"lake\"},{\"color\":[0,200,250],\"num\":0,\"category\":\"pond\"}],\"top\":0,\"left\":0,\"bottom\":1080,\"confidence\":\"medium\",\"label\":\"http://faye.nat300.top/files/5aad875c5af64b359c1a90bf89605e96_predict_0_0_1080_0\",\"right\":1664,\"type\":\"segmentation_15classes\",\"min_pixel\":50}');
INSERT INTO `boxselection` VALUES (95, 0, 26, NULL, '2022-07-03 14:53:51', '2022-07-03 14:54:00', 0, 0, 1024, 1024, 'http://faye.nat300.top/files/018b80f48cb946a1a8507895c8351b38_predict_0_0_1024_0', '{\"data\":[{\"color\":[255,255,255],\"num\":128900,\"category\":\"positive\"},{\"color\":[0,0,0],\"num\":919676,\"category\":\"negative\"}],\"top\":0,\"left\":0,\"bottom\":1024,\"confidence\":\"medium\",\"label\":\"http://faye.nat300.top/files/018b80f48cb946a1a8507895c8351b38_predict_0_0_1024_0\",\"right\":1024,\"type\":\"change_detection\",\"min_pixel\":50}');
INSERT INTO `boxselection` VALUES (96, 3, 41, NULL, '2022-07-03 14:54:29', '2022-07-03 14:54:30', 0, 0, 512, 512, 'http://faye.nat300.top/files/335335a14e5a4748af45cb4754c9dd92_predict_0_0_512_0', '{\"data\":[{\"color\":[255,255,255],\"num\":2813,\"category\":\"positive\"},{\"color\":[0,0,0],\"num\":259331,\"category\":\"negative\"}],\"top\":0,\"left\":0,\"bottom\":512,\"confidence\":\"medium\",\"label\":\"http://faye.nat300.top/files/335335a14e5a4748af45cb4754c9dd92_predict_0_0_512_0\",\"right\":512,\"type\":\"water_extraction\",\"min_pixel\":50}');
INSERT INTO `boxselection` VALUES (97, 3, 42, NULL, '2022-07-03 14:54:51', '2022-07-03 14:54:52', 0, 0, 512, 512, 'http://faye.nat300.top/files/ec553d13f57649218b173a0ae2f8e63e_predict_0_0_512_0', '{\"data\":[{\"color\":[255,255,255],\"num\":21856,\"category\":\"positive\"},{\"color\":[0,0,0],\"num\":240288,\"category\":\"negative\"}],\"top\":0,\"left\":0,\"bottom\":512,\"confidence\":\"medium\",\"label\":\"http://faye.nat300.top/files/ec553d13f57649218b173a0ae2f8e63e_predict_0_0_512_0\",\"right\":512,\"type\":\"water_extraction\",\"min_pixel\":50}');
INSERT INTO `boxselection` VALUES (98, 3, 43, NULL, '2022-07-03 14:59:02', '2022-07-03 14:59:09', 0, 0, 1500, 1500, 'http://faye.nat300.top/files/d3fff1cfd7124ef8bb7afd4f4a0b1462_predict_0_0_1500_0', '{\"data\":[{\"color\":[255,255,255],\"num\":204036,\"category\":\"positive\"},{\"color\":[0,0,0],\"num\":2045964,\"category\":\"negative\"}],\"top\":0,\"left\":0,\"bottom\":1500,\"confidence\":\"medium\",\"label\":\"http://faye.nat300.top/files/d3fff1cfd7124ef8bb7afd4f4a0b1462_predict_0_0_1500_0\",\"right\":1500,\"type\":\"road_extraction\",\"min_pixel\":50}');
INSERT INTO `boxselection` VALUES (99, 0, 27, NULL, '2022-07-03 17:37:04', '2022-07-03 17:37:07', 518, 275, 910, 953, 'http://faye.nat300.top/files/698ccf85df4343a0b5ea5fc77c23767c_predict_275_518_910_518', '{\"data\":[{\"color\":[255,255,255],\"num\":100,\"category\":\"positive\"},{\"color\":[0,0,0],\"num\":265676,\"category\":\"negative\"}],\"top\":518,\"left\":275,\"bottom\":910,\"confidence\":\"medium\",\"label\":\"http://faye.nat300.top/files/698ccf85df4343a0b5ea5fc77c23767c_predict_275_518_910_518\",\"right\":953,\"type\":\"change_detection\",\"min_pixel\":50}');
INSERT INTO `boxselection` VALUES (100, 0, 28, NULL, '2022-07-03 17:37:46', '2022-07-03 17:37:47', 475, 111, 996, 993, 'http://faye.nat300.top/files/4e1f5188ba924b56aa1929508ffa4ad3_predict_111_475_996_475', '{\"data\":[{\"color\":[255,255,255],\"num\":80360,\"category\":\"positive\"},{\"color\":[0,0,0],\"num\":379162,\"category\":\"negative\"}],\"top\":475,\"left\":111,\"bottom\":996,\"confidence\":\"medium\",\"label\":\"http://faye.nat300.top/files/4e1f5188ba924b56aa1929508ffa4ad3_predict_111_475_996_475\",\"right\":993,\"type\":\"change_detection\",\"min_pixel\":50}');
INSERT INTO `boxselection` VALUES (101, 3, 44, NULL, '2022-07-03 17:50:26', '2022-07-03 17:50:27', 0, 0, 512, 512, 'http://faye.nat300.top/files/2f332055f18241988e577f8c593a0b7d_predict_0_0_512_0', '{\"data\":[{\"color\":[255,255,255],\"num\":100835,\"category\":\"positive\"},{\"color\":[0,0,0],\"num\":161309,\"category\":\"negative\"}],\"top\":0,\"left\":0,\"bottom\":512,\"confidence\":\"medium\",\"label\":\"http://faye.nat300.top/files/2f332055f18241988e577f8c593a0b7d_predict_0_0_512_0\",\"right\":512,\"type\":\"water_extraction\",\"min_pixel\":50}');
INSERT INTO `boxselection` VALUES (102, 0, 30, NULL, '2022-07-03 19:37:21', '2022-07-03 19:37:24', 0, 0, 1024, 1024, 'http://faye.nat300.top/files/54438539492744ff99ae99e7d3601711_predict_0_0_1024_0', '{\"data\":[{\"color\":[255,255,255],\"num\":128900,\"category\":\"positive\"},{\"color\":[0,0,0],\"num\":919676,\"category\":\"negative\"}],\"top\":0,\"left\":0,\"bottom\":1024,\"confidence\":\"medium\",\"label\":\"http://faye.nat300.top/files/54438539492744ff99ae99e7d3601711_predict_0_0_1024_0\",\"right\":1024,\"type\":\"change_detection\",\"min_pixel\":50}');
INSERT INTO `boxselection` VALUES (103, 3, 47, NULL, '2022-07-03 19:38:12', '2022-07-03 19:38:17', 0, 0, 1500, 1500, 'http://faye.nat300.top/files/dbbc42bac11b40919a2ee8251a723769_predict_0_0_1500_0', '{\"data\":[{\"color\":[255,255,255],\"num\":36625,\"category\":\"positive\"},{\"color\":[0,0,0],\"num\":2213375,\"category\":\"negative\"}],\"top\":0,\"left\":0,\"bottom\":1500,\"confidence\":\"medium\",\"label\":\"http://faye.nat300.top/files/dbbc42bac11b40919a2ee8251a723769_predict_0_0_1500_0\",\"right\":1500,\"type\":\"road_extraction\",\"min_pixel\":50}');
INSERT INTO `boxselection` VALUES (104, 2, 4, NULL, '2022-07-03 20:47:32', '2022-07-03 20:47:36', 0, 0, 915, 1044, 'http://faye.nat300.top/files/9e907f44a682448a82c7e76391c6feb7_predict_0_0_915_0', '{\"data\":[{\"score\":0.9484062194824219,\"category_id\":0,\"bbox\":[613,400,81,72],\"category\":\"aircraft\"},{\"score\":0.9431469440460205,\"category_id\":0,\"bbox\":[590,235,76,60],\"category\":\"aircraft\"},{\"score\":0.9378881454467773,\"category_id\":0,\"bbox\":[500,386,80,58],\"category\":\"aircraft\"},{\"score\":0.9370355010032654,\"category_id\":0,\"bbox\":[433,280,88,59],\"category\":\"aircraft\"},{\"score\":0.9286856651306152,\"category_id\":0,\"bbox\":[777,461,90,74],\"category\":\"aircraft\"},{\"score\":0.9232987761497498,\"category_id\":0,\"bbox\":[893,606,76,69],\"category\":\"aircraft\"},{\"score\":0.9219233989715576,\"category_id\":0,\"bbox\":[671,479,53,49],\"category\":\"aircraft\"},{\"score\":0.9163050651550293,\"category_id\":0,\"bbox\":[726,399,74,64],\"category\":\"aircraft\"},{\"score\":0.9149779677391052,\"category_id\":0,\"bbox\":[678,598,32,33],\"category\":\"aircraft\"},{\"score\":0.9126958250999451,\"category_id\":0,\"bbox\":[764,551,79,78],\"category\":\"aircraft\"},{\"score\":0.8971094489097595,\"category_id\":0,\"bbox\":[481,558,39,35],\"category\":\"aircraft\"},{\"score\":0.8894284963607788,\"category_id\":0,\"bbox\":[339,78,23,18],\"category\":\"aircraft\"},{\"score\":0.8879830837249756,\"category_id\":0,\"bbox\":[703,727,33,34],\"category\":\"aircraft\"},{\"score\":0.88364577293396,\"category_id\":0,\"bbox\":[313,91,23,20],\"category\":\"aircraft\"},{\"score\":0.882709264755249,\"category_id\":0,\"bbox\":[609,569,31,25],\"category\":\"aircraft\"},{\"score\":0.8786683082580566,\"category_id\":0,\"bbox\":[554,525,25,21],\"category\":\"aircraft\"},{\"score\":0.8722566962242126,\"category_id\":0,\"bbox\":[314,42,25,22],\"category\":\"aircraft\"},{\"score\":0.8705370426177979,\"category_id\":0,\"bbox\":[121,3,80,31],\"category\":\"aircraft\"},{\"score\":0.8703030347824097,\"category_id\":0,\"bbox\":[340,31,27,20],\"category\":\"aircraft\"},{\"score\":0.8683537244796753,\"category_id\":0,\"bbox\":[839,543,75,59],\"category\":\"aircraft\"},{\"score\":0.8662806153297424,\"category_id\":0,\"bbox\":[367,66,26,21],\"category\":\"aircraft\"},{\"score\":0.8638110160827637,\"category_id\":0,\"bbox\":[648,521,82,72],\"category\":\"aircraft\"},{\"score\":0.8632834553718567,\"category_id\":0,\"bbox\":[618,485,39,37],\"category\":\"aircraft\"},{\"score\":0.8497576713562012,\"category_id\":0,\"bbox\":[824,631,87,82],\"category\":\"aircraft\"},{\"score\":0.8484525680541992,\"category_id\":0,\"bbox\":[262,70,26,21],\"category\":\"aircraft\"},{\"score\":0.8476012945175171,\"category_id\":0,\"bbox\":[282,103,29,25],\"category\":\"aircraft\"},{\"score\":0.8170982599258423,\"category_id\":0,\"bbox\":[713,464,80,73],\"category\":\"aircraft\"},{\"score\":0.5929647088050842,\"category_id\":0,\"bbox\":[725,715,29,29],\"category\":\"aircraft\"},{\"score\":0.5832085609436035,\"category_id\":0,\"bbox\":[798,692,20,21],\"category\":\"aircraft\"}],\"top\":0,\"left\":0,\"bottom\":915,\"confidence\":\"medium\",\"label\":\"http://faye.nat300.top/files/9e907f44a682448a82c7e76391c6feb7_predict_0_0_915_0\",\"right\":1044,\"type\":\"object_detection_aircraft\",\"min_pixel\":50}');
INSERT INTO `boxselection` VALUES (105, 2, 5, NULL, '2022-07-03 20:47:57', '2022-07-03 20:47:58', 0, 0, 915, 1044, 'http://faye.nat300.top/files/3eaf576923b3445d9dcb829daaa488c6_predict_0_0_915_0', '{\"data\":[{\"score\":0.9219042658805847,\"category_id\":0,\"bbox\":[0,746,28,31],\"category\":\"aircraft\"},{\"score\":0.9184882640838623,\"category_id\":0,\"bbox\":[157,265,65,41],\"category\":\"aircraft\"},{\"score\":0.9167187213897705,\"category_id\":0,\"bbox\":[386,640,55,49],\"category\":\"aircraft\"},{\"score\":0.9132716059684753,\"category_id\":0,\"bbox\":[449,428,51,38],\"category\":\"aircraft\"},{\"score\":0.9131636023521423,\"category_id\":0,\"bbox\":[459,155,27,18],\"category\":\"aircraft\"},{\"score\":0.9129051566123962,\"category_id\":0,\"bbox\":[88,772,37,38],\"category\":\"aircraft\"},{\"score\":0.9080461263656616,\"category_id\":0,\"bbox\":[37,757,37,46],\"category\":\"aircraft\"},{\"score\":0.9071898460388184,\"category_id\":0,\"bbox\":[183,307,61,44],\"category\":\"aircraft\"},{\"score\":0.9047969579696655,\"category_id\":0,\"bbox\":[494,194,23,17],\"category\":\"aircraft\"},{\"score\":0.9012346267700195,\"category_id\":0,\"bbox\":[308,693,54,46],\"category\":\"aircraft\"},{\"score\":0.9005712270736694,\"category_id\":0,\"bbox\":[827,160,32,25],\"category\":\"aircraft\"},{\"score\":0.8963717818260193,\"category_id\":0,\"bbox\":[805,111,22,19],\"category\":\"aircraft\"},{\"score\":0.89620441198349,\"category_id\":0,\"bbox\":[487,152,25,17],\"category\":\"aircraft\"},{\"score\":0.8917246460914612,\"category_id\":0,\"bbox\":[39,657,32,30],\"category\":\"aircraft\"},{\"score\":0.8907482624053955,\"category_id\":0,\"bbox\":[491,229,20,19],\"category\":\"aircraft\"},{\"score\":0.887776792049408,\"category_id\":0,\"bbox\":[434,158,23,16],\"category\":\"aircraft\"},{\"score\":0.8851862549781799,\"category_id\":0,\"bbox\":[817,135,23,20],\"category\":\"aircraft\"},{\"score\":0.8567066788673401,\"category_id\":0,\"bbox\":[523,263,26,21],\"category\":\"aircraft\"},{\"score\":0.8528777956962585,\"category_id\":0,\"bbox\":[849,192,25,22],\"category\":\"aircraft\"},{\"score\":0.7937756776809692,\"category_id\":0,\"bbox\":[492,211,24,16],\"category\":\"aircraft\"},{\"score\":0.6365240812301636,\"category_id\":0,\"bbox\":[95,266,24,22],\"category\":\"aircraft\"},{\"score\":0.6259618401527405,\"category_id\":0,\"bbox\":[513,204,19,16],\"category\":\"aircraft\"},{\"score\":0.47686880826950073,\"category_id\":0,\"bbox\":[516,196,17,13],\"category\":\"aircraft\"}],\"top\":0,\"left\":0,\"bottom\":915,\"confidence\":\"medium\",\"label\":\"http://faye.nat300.top/files/3eaf576923b3445d9dcb829daaa488c6_predict_0_0_915_0\",\"right\":1044,\"type\":\"object_detection_aircraft\",\"min_pixel\":50}');
INSERT INTO `boxselection` VALUES (106, 2, 6, NULL, '2022-07-03 20:48:27', '2022-07-03 20:48:28', 0, 0, 915, 1044, 'http://faye.nat300.top/files/93915cd6a83c4d83a71fdc836b05dbc2_predict_0_0_915_0', '{\"data\":[{\"score\":0.9423033595085144,\"category_id\":0,\"bbox\":[568,185,85,66],\"category\":\"aircraft\"},{\"score\":0.9371408820152283,\"category_id\":0,\"bbox\":[910,312,93,82],\"category\":\"aircraft\"},{\"score\":0.9347618222236633,\"category_id\":0,\"bbox\":[369,33,91,62],\"category\":\"aircraft\"},{\"score\":0.9314311146736145,\"category_id\":0,\"bbox\":[296,275,98,85],\"category\":\"aircraft\"},{\"score\":0.9241141080856323,\"category_id\":0,\"bbox\":[825,98,78,63],\"category\":\"aircraft\"},{\"score\":0.9239072799682617,\"category_id\":0,\"bbox\":[704,392,89,87],\"category\":\"aircraft\"},{\"score\":0.9233038425445557,\"category_id\":0,\"bbox\":[580,435,98,96],\"category\":\"aircraft\"},{\"score\":0.9158796668052673,\"category_id\":0,\"bbox\":[941,87,52,37],\"category\":\"aircraft\"},{\"score\":0.9086059927940369,\"category_id\":0,\"bbox\":[67,343,99,80],\"category\":\"aircraft\"},{\"score\":0.905829906463623,\"category_id\":0,\"bbox\":[932,51,47,32],\"category\":\"aircraft\"},{\"score\":0.8116364479064941,\"category_id\":0,\"bbox\":[455,474,105,115],\"category\":\"aircraft\"},{\"score\":0.8086442351341248,\"category_id\":0,\"bbox\":[209,562,94,108],\"category\":\"aircraft\"},{\"score\":0.7302625775337219,\"category_id\":0,\"bbox\":[1007,260,35,43],\"category\":\"aircraft\"}],\"top\":0,\"left\":0,\"bottom\":915,\"confidence\":\"medium\",\"label\":\"http://faye.nat300.top/files/93915cd6a83c4d83a71fdc836b05dbc2_predict_0_0_915_0\",\"right\":1044,\"type\":\"object_detection_aircraft\",\"min_pixel\":50}');
INSERT INTO `boxselection` VALUES (107, 3, 48, NULL, '2022-07-03 20:58:15', '2022-07-03 20:58:20', 181, 640, 1016, 1422, 'http://faye.nat300.top/files/a0cab8a00b5d4af1b73d7fb0eb122d25_predict_640_181_1016_181', '{\"data\":[{\"color\":[255,255,255],\"num\":71455,\"category\":\"positive\"},{\"color\":[0,0,0],\"num\":581515,\"category\":\"negative\"}],\"top\":181,\"left\":640,\"bottom\":1016,\"confidence\":\"medium\",\"label\":\"http://faye.nat300.top/files/a0cab8a00b5d4af1b73d7fb0eb122d25_predict_640_181_1016_181\",\"right\":1422,\"type\":\"road_extraction\",\"min_pixel\":50}');
INSERT INTO `boxselection` VALUES (108, 1, 19, NULL, '2022-07-03 20:59:12', '2022-07-03 20:59:13', 0, 0, 512, 512, 'http://faye.nat300.top/files/9b5e1d56c69144709bfe6a75bedbd676_predict_0_0_512_0', '{\"data\":[{\"color\":[200,0,0],\"num\":772,\"category\":\"industrial_land\"},{\"color\":[250,0,150],\"num\":0,\"category\":\"urban_residential\"},{\"color\":[200,150,150],\"num\":2133,\"category\":\"rural_residential\"},{\"color\":[250,150,150],\"num\":36197,\"category\":\"traffic_land\"},{\"color\":[0,200,0],\"num\":0,\"category\":\"paddy_field\"},{\"color\":[150,250,0],\"num\":140681,\"category\":\"irrigated_land\"},{\"color\":[150,200,150],\"num\":0,\"category\":\"dry_cropland\"},{\"color\":[200,0,200],\"num\":0,\"category\":\"garden_plot\"},{\"color\":[150,0,250],\"num\":0,\"category\":\"arbor_woodland\"},{\"color\":[150,150,250],\"num\":0,\"category\":\"shrub_land\"},{\"color\":[250,200,0],\"num\":0,\"category\":\"natural_grassland\"},{\"color\":[200,200,0],\"num\":0,\"category\":\"artificial_grassland\"},{\"color\":[0,0,200],\"num\":67077,\"category\":\"river\"},{\"color\":[0,150,200],\"num\":335,\"category\":\"lake\"},{\"color\":[0,200,250],\"num\":0,\"category\":\"pond\"}],\"top\":0,\"left\":0,\"bottom\":512,\"confidence\":\"medium\",\"label\":\"http://faye.nat300.top/files/9b5e1d56c69144709bfe6a75bedbd676_predict_0_0_512_0\",\"right\":512,\"type\":\"segmentation_15classes\",\"min_pixel\":50}');
INSERT INTO `boxselection` VALUES (109, 3, 49, NULL, '2022-07-03 21:07:48', '2022-07-03 21:07:49', 161, 55, 706, 702, 'http://faye.nat300.top/files/3d62f9ec0c8b4dd89108a1b59596dce7_predict_55_161_706_161', '{\"data\":[{\"color\":[255,255,255],\"num\":20338,\"category\":\"positive\"},{\"color\":[0,0,0],\"num\":332277,\"category\":\"negative\"}],\"top\":161,\"left\":55,\"bottom\":706,\"confidence\":\"medium\",\"label\":\"http://faye.nat300.top/files/3d62f9ec0c8b4dd89108a1b59596dce7_predict_55_161_706_161\",\"right\":702,\"type\":\"road_extraction\",\"min_pixel\":50}');
INSERT INTO `boxselection` VALUES (110, 3, 49, NULL, '2022-07-03 21:07:59', '2022-07-03 21:08:00', 866, 865, 1396, 1432, 'http://faye.nat300.top/files/3d62f9ec0c8b4dd89108a1b59596dce7_predict_865_866_1396_866', '{\"data\":[{\"color\":[255,255,255],\"num\":12631,\"category\":\"positive\"},{\"color\":[0,0,0],\"num\":287879,\"category\":\"negative\"}],\"top\":866,\"left\":865,\"bottom\":1396,\"confidence\":\"medium\",\"label\":\"http://faye.nat300.top/files/3d62f9ec0c8b4dd89108a1b59596dce7_predict_865_866_1396_866\",\"right\":1432,\"type\":\"road_extraction\",\"min_pixel\":50}');
INSERT INTO `boxselection` VALUES (111, 1, 20, NULL, '2022-07-03 21:09:35', '2022-07-03 21:09:36', 0, 0, 512, 512, 'http://faye.nat300.top/files/44d4d040248547bb97e7087f09eeb42e_predict_0_0_512_0', '{\"data\":[{\"color\":[200,0,0],\"num\":0,\"category\":\"industrial_land\"},{\"color\":[250,0,150],\"num\":0,\"category\":\"urban_residential\"},{\"color\":[200,150,150],\"num\":18877,\"category\":\"rural_residential\"},{\"color\":[250,150,150],\"num\":16567,\"category\":\"traffic_land\"},{\"color\":[0,200,0],\"num\":0,\"category\":\"paddy_field\"},{\"color\":[150,250,0],\"num\":214470,\"category\":\"irrigated_land\"},{\"color\":[150,200,150],\"num\":0,\"category\":\"dry_cropland\"},{\"color\":[200,0,200],\"num\":0,\"category\":\"garden_plot\"},{\"color\":[150,0,250],\"num\":0,\"category\":\"arbor_woodland\"},{\"color\":[150,150,250],\"num\":0,\"category\":\"shrub_land\"},{\"color\":[250,200,0],\"num\":0,\"category\":\"natural_grassland\"},{\"color\":[200,200,0],\"num\":0,\"category\":\"artificial_grassland\"},{\"color\":[0,0,200],\"num\":641,\"category\":\"river\"},{\"color\":[0,150,200],\"num\":0,\"category\":\"lake\"},{\"color\":[0,200,250],\"num\":7903,\"category\":\"pond\"}],\"top\":0,\"left\":0,\"bottom\":512,\"confidence\":\"medium\",\"label\":\"http://faye.nat300.top/files/44d4d040248547bb97e7087f09eeb42e_predict_0_0_512_0\",\"right\":512,\"type\":\"segmentation_15classes\",\"min_pixel\":50}');
INSERT INTO `boxselection` VALUES (112, 3, 50, NULL, '2022-07-03 21:38:27', '2022-07-03 21:38:31', 205, 704, 971, 1329, 'http://faye.nat300.top/files/a0418e3bee994bb4851ef9c380537edc_predict_704_205_971_205', '{\"data\":[{\"color\":[255,255,255],\"num\":44759,\"category\":\"positive\"},{\"color\":[0,0,0],\"num\":433991,\"category\":\"negative\"}],\"top\":205,\"left\":704,\"bottom\":971,\"confidence\":\"medium\",\"label\":\"http://faye.nat300.top/files/a0418e3bee994bb4851ef9c380537edc_predict_704_205_971_205\",\"right\":1329,\"type\":\"road_extraction\",\"min_pixel\":50}');
INSERT INTO `boxselection` VALUES (113, 0, 31, NULL, '2022-07-03 21:41:20', '2022-07-03 21:41:21', 205, 311, 740, 790, 'http://faye.nat300.top/files/4450ac5d559b45e890b6e53bcfad8779_predict_311_205_740_205', '{\"data\":[{\"color\":[255,255,255],\"num\":1296,\"category\":\"positive\"},{\"color\":[0,0,0],\"num\":254969,\"category\":\"negative\"}],\"top\":205,\"left\":311,\"bottom\":740,\"confidence\":\"medium\",\"label\":\"http://faye.nat300.top/files/4450ac5d559b45e890b6e53bcfad8779_predict_311_205_740_205\",\"right\":790,\"type\":\"change_detection\",\"min_pixel\":50}');
INSERT INTO `boxselection` VALUES (114, 0, 32, NULL, '2022-07-03 21:43:20', '2022-07-03 21:43:21', 576, 281, 987, 880, 'http://faye.nat300.top/files/d9b0e5ec9f3b4098baaab226cf942fb0_predict_281_576_987_576', '{\"data\":[{\"color\":[255,255,255],\"num\":63268,\"category\":\"positive\"},{\"color\":[0,0,0],\"num\":182921,\"category\":\"negative\"}],\"top\":576,\"left\":281,\"bottom\":987,\"confidence\":\"medium\",\"label\":\"http://faye.nat300.top/files/d9b0e5ec9f3b4098baaab226cf942fb0_predict_281_576_987_576\",\"right\":880,\"type\":\"change_detection\",\"min_pixel\":50}');
INSERT INTO `boxselection` VALUES (115, 3, 51, NULL, '2022-07-03 21:48:16', '2022-07-03 21:48:18', 514, 287, 1286, 1131, 'http://faye.nat300.top/files/520de2abb96748769c02c92b00695933_predict_287_514_1286_514', '{\"data\":[{\"color\":[255,255,255],\"num\":35061,\"category\":\"positive\"},{\"color\":[0,0,0],\"num\":616507,\"category\":\"negative\"}],\"top\":514,\"left\":287,\"bottom\":1286,\"confidence\":\"medium\",\"label\":\"http://faye.nat300.top/files/520de2abb96748769c02c92b00695933_predict_287_514_1286_514\",\"right\":1131,\"type\":\"road_extraction\",\"min_pixel\":50}');
INSERT INTO `boxselection` VALUES (116, 0, 33, NULL, '2022-07-03 21:50:18', '2022-07-03 21:50:19', 600, 271, 998, 892, 'http://faye.nat300.top/files/abb079ff25614d3cb9e96d2375b6a057_predict_271_600_998_600', '{\"data\":[{\"color\":[255,255,255],\"num\":62094,\"category\":\"positive\"},{\"color\":[0,0,0],\"num\":185064,\"category\":\"negative\"}],\"top\":600,\"left\":271,\"bottom\":998,\"confidence\":\"medium\",\"label\":\"http://faye.nat300.top/files/abb079ff25614d3cb9e96d2375b6a057_predict_271_600_998_600\",\"right\":892,\"type\":\"change_detection\",\"min_pixel\":50}');
INSERT INTO `boxselection` VALUES (117, 2, 7, NULL, '2022-07-03 21:51:28', '2022-07-03 21:51:29', 0, 0, 915, 1044, 'http://faye.nat300.top/files/597300b9c7054cc7be474cb317a35464_predict_0_0_915_0', '{\"data\":[{\"score\":0.9423033595085144,\"category_id\":0,\"bbox\":[568,185,85,66],\"category\":\"aircraft\"},{\"score\":0.9371408820152283,\"category_id\":0,\"bbox\":[910,312,93,82],\"category\":\"aircraft\"},{\"score\":0.9347618222236633,\"category_id\":0,\"bbox\":[369,33,91,62],\"category\":\"aircraft\"},{\"score\":0.9314311146736145,\"category_id\":0,\"bbox\":[296,275,98,85],\"category\":\"aircraft\"},{\"score\":0.9241141080856323,\"category_id\":0,\"bbox\":[825,98,78,63],\"category\":\"aircraft\"},{\"score\":0.9239072799682617,\"category_id\":0,\"bbox\":[704,392,89,87],\"category\":\"aircraft\"},{\"score\":0.9233038425445557,\"category_id\":0,\"bbox\":[580,435,98,96],\"category\":\"aircraft\"},{\"score\":0.9158796668052673,\"category_id\":0,\"bbox\":[941,87,52,37],\"category\":\"aircraft\"},{\"score\":0.9086059927940369,\"category_id\":0,\"bbox\":[67,343,99,80],\"category\":\"aircraft\"},{\"score\":0.905829906463623,\"category_id\":0,\"bbox\":[932,51,47,32],\"category\":\"aircraft\"},{\"score\":0.8116364479064941,\"category_id\":0,\"bbox\":[455,474,105,115],\"category\":\"aircraft\"},{\"score\":0.8086442351341248,\"category_id\":0,\"bbox\":[209,562,94,108],\"category\":\"aircraft\"},{\"score\":0.7302625775337219,\"category_id\":0,\"bbox\":[1007,260,35,43],\"category\":\"aircraft\"}],\"top\":0,\"left\":0,\"bottom\":915,\"confidence\":\"medium\",\"label\":\"http://faye.nat300.top/files/597300b9c7054cc7be474cb317a35464_predict_0_0_915_0\",\"right\":1044,\"type\":\"object_detection_aircraft\",\"min_pixel\":50}');
INSERT INTO `boxselection` VALUES (118, 1, 21, NULL, '2022-07-03 21:52:01', '2022-07-03 21:52:01', 0, 0, 512, 512, 'http://faye.nat300.top/files/410061fb96014abdba0c45760b516b09_predict_0_0_512_0', '{\"data\":[{\"color\":[200,0,0],\"num\":772,\"category\":\"industrial_land\"},{\"color\":[250,0,150],\"num\":0,\"category\":\"urban_residential\"},{\"color\":[200,150,150],\"num\":2133,\"category\":\"rural_residential\"},{\"color\":[250,150,150],\"num\":36197,\"category\":\"traffic_land\"},{\"color\":[0,200,0],\"num\":0,\"category\":\"paddy_field\"},{\"color\":[150,250,0],\"num\":140681,\"category\":\"irrigated_land\"},{\"color\":[150,200,150],\"num\":0,\"category\":\"dry_cropland\"},{\"color\":[200,0,200],\"num\":0,\"category\":\"garden_plot\"},{\"color\":[150,0,250],\"num\":0,\"category\":\"arbor_woodland\"},{\"color\":[150,150,250],\"num\":0,\"category\":\"shrub_land\"},{\"color\":[250,200,0],\"num\":0,\"category\":\"natural_grassland\"},{\"color\":[200,200,0],\"num\":0,\"category\":\"artificial_grassland\"},{\"color\":[0,0,200],\"num\":67077,\"category\":\"river\"},{\"color\":[0,150,200],\"num\":335,\"category\":\"lake\"},{\"color\":[0,200,250],\"num\":0,\"category\":\"pond\"}],\"top\":0,\"left\":0,\"bottom\":512,\"confidence\":\"medium\",\"label\":\"http://faye.nat300.top/files/410061fb96014abdba0c45760b516b09_predict_0_0_512_0\",\"right\":512,\"type\":\"segmentation_15classes\",\"min_pixel\":50}');
INSERT INTO `boxselection` VALUES (119, 3, 52, NULL, '2022-07-03 23:51:11', '2022-07-03 23:51:20', 0, 0, 1500, 1500, 'http://faye.nat300.top/files/50a062c60435497c9d174a8ad536f6e9_predict_0_0_1500_0', '{\"data\":[{\"color\":[255,255,255],\"num\":257137,\"category\":\"positive\"},{\"color\":[0,0,0],\"num\":1992863,\"category\":\"negative\"}],\"top\":0,\"left\":0,\"bottom\":1500,\"confidence\":\"medium\",\"label\":\"http://faye.nat300.top/files/50a062c60435497c9d174a8ad536f6e9_predict_0_0_1500_0\",\"right\":1500,\"type\":\"road_extraction\",\"min_pixel\":50}');
INSERT INTO `boxselection` VALUES (120, 3, 53, NULL, '2022-07-03 23:51:41', '2022-07-03 23:51:43', 0, 0, 1500, 1500, 'http://faye.nat300.top/files/fdd26ff90cb64c329fb1c3303f84e2c6_predict_0_0_1500_0', '{\"data\":[{\"color\":[255,255,255],\"num\":53923,\"category\":\"positive\"},{\"color\":[0,0,0],\"num\":2196077,\"category\":\"negative\"}],\"top\":0,\"left\":0,\"bottom\":1500,\"confidence\":\"medium\",\"label\":\"http://faye.nat300.top/files/fdd26ff90cb64c329fb1c3303f84e2c6_predict_0_0_1500_0\",\"right\":1500,\"type\":\"road_extraction\",\"min_pixel\":50}');
INSERT INTO `boxselection` VALUES (121, 0, 34, NULL, '2022-07-03 23:52:13', '2022-07-03 23:52:14', 0, 0, 1024, 1024, 'http://faye.nat300.top/files/bf0fdf93fadc4d198a1b411b9ddc353a_predict_0_0_1024_0', '{\"data\":[{\"color\":[255,255,255],\"num\":128900,\"category\":\"positive\"},{\"color\":[0,0,0],\"num\":919676,\"category\":\"negative\"}],\"top\":0,\"left\":0,\"bottom\":1024,\"confidence\":\"medium\",\"label\":\"http://faye.nat300.top/files/bf0fdf93fadc4d198a1b411b9ddc353a_predict_0_0_1024_0\",\"right\":1024,\"type\":\"change_detection\",\"min_pixel\":50}');
INSERT INTO `boxselection` VALUES (122, 0, 35, NULL, '2022-07-03 23:52:44', '2022-07-03 23:52:44', 0, 0, 1024, 1024, 'http://faye.nat300.top/files/5f454bf72c494b1e80c250e4d881e753_predict_0_0_1024_0', '{\"data\":[{\"color\":[255,255,255],\"num\":128900,\"category\":\"positive\"},{\"color\":[0,0,0],\"num\":919676,\"category\":\"negative\"}],\"top\":0,\"left\":0,\"bottom\":1024,\"confidence\":\"medium\",\"label\":\"http://faye.nat300.top/files/5f454bf72c494b1e80c250e4d881e753_predict_0_0_1024_0\",\"right\":1024,\"type\":\"change_detection\",\"min_pixel\":50}');
INSERT INTO `boxselection` VALUES (123, 3, 54, NULL, '2022-07-03 23:53:12', '2022-07-03 23:53:15', 474, 381, 1256, 1331, 'http://faye.nat300.top/files/d4d83f28346548c5a782ff96ab9e7ad3_predict_381_474_1256_474', '{\"data\":[{\"color\":[255,255,255],\"num\":66860,\"category\":\"positive\"},{\"color\":[0,0,0],\"num\":676040,\"category\":\"negative\"}],\"top\":474,\"left\":381,\"bottom\":1256,\"confidence\":\"medium\",\"label\":\"http://faye.nat300.top/files/d4d83f28346548c5a782ff96ab9e7ad3_predict_381_474_1256_474\",\"right\":1331,\"type\":\"road_extraction\",\"min_pixel\":50}');
INSERT INTO `boxselection` VALUES (124, 3, 54, NULL, '2022-07-03 23:53:33', '2022-07-03 23:53:35', 136, 186, 1211, 1386, 'http://faye.nat300.top/files/d4d83f28346548c5a782ff96ab9e7ad3_predict_186_136_1211_136', '{\"data\":[{\"color\":[255,255,255],\"num\":142036,\"category\":\"positive\"},{\"color\":[0,0,0],\"num\":1147964,\"category\":\"negative\"}],\"top\":136,\"left\":186,\"bottom\":1211,\"confidence\":\"medium\",\"label\":\"http://faye.nat300.top/files/d4d83f28346548c5a782ff96ab9e7ad3_predict_186_136_1211_136\",\"right\":1386,\"type\":\"road_extraction\",\"min_pixel\":50}');
INSERT INTO `boxselection` VALUES (125, 3, 55, NULL, '2022-07-03 23:54:47', '2022-07-03 23:54:53', 0, 0, 1500, 1500, 'http://faye.nat300.top/files/d0a6576bebf9407c830bca44f0b1479e_predict_0_0_1500_0', '{\"data\":[{\"color\":[255,255,255],\"num\":75410,\"category\":\"positive\"},{\"color\":[0,0,0],\"num\":2174590,\"category\":\"negative\"}],\"top\":0,\"left\":0,\"bottom\":1500,\"confidence\":\"medium\",\"label\":\"http://faye.nat300.top/files/d0a6576bebf9407c830bca44f0b1479e_predict_0_0_1500_0\",\"right\":1500,\"type\":\"road_extraction\",\"min_pixel\":50}');
INSERT INTO `boxselection` VALUES (126, 3, 56, NULL, '2022-07-04 00:00:16', '2022-07-04 00:00:19', 0, 0, 1500, 1500, 'http://faye.nat300.top/files/e1251e6123364fdebb088cc798351a6a_predict_0_0_1500_0', '{\"data\":[{\"color\":[255,255,255],\"num\":257137,\"category\":\"positive\"},{\"color\":[0,0,0],\"num\":1992863,\"category\":\"negative\"}],\"top\":0,\"left\":0,\"bottom\":1500,\"confidence\":\"medium\",\"label\":\"http://faye.nat300.top/files/e1251e6123364fdebb088cc798351a6a_predict_0_0_1500_0\",\"right\":1500,\"type\":\"road_extraction\",\"min_pixel\":50}');
INSERT INTO `boxselection` VALUES (127, 0, 36, NULL, '2022-07-04 08:51:46', '2022-07-04 08:52:03', 0, 0, 1024, 1024, 'http://faye.nat300.top/files/c4ea2b7d2e58472f81c450e60a062898_predict_0_0_1024_0', '{\"data\":[{\"color\":[255,255,255],\"num\":128900,\"category\":\"positive\"},{\"color\":[0,0,0],\"num\":919676,\"category\":\"negative\"}],\"top\":0,\"left\":0,\"bottom\":1024,\"confidence\":\"medium\",\"label\":\"http://faye.nat300.top/files/c4ea2b7d2e58472f81c450e60a062898_predict_0_0_1024_0\",\"right\":1024,\"type\":\"change_detection\",\"min_pixel\":50}');
INSERT INTO `boxselection` VALUES (128, 3, 60, NULL, '2022-07-04 09:02:24', '2022-07-04 09:02:38', 0, 0, 1500, 1500, 'http://faye.nat300.top/files/84255331ab194b5aa7374ef73a247c2a_predict_0_0_1500_0', '{\"data\":[{\"color\":[255,255,255],\"num\":154974,\"category\":\"positive\"},{\"color\":[0,0,0],\"num\":2095026,\"category\":\"negative\"}],\"top\":0,\"left\":0,\"bottom\":1500,\"confidence\":\"medium\",\"label\":\"http://faye.nat300.top/files/84255331ab194b5aa7374ef73a247c2a_predict_0_0_1500_0\",\"right\":1500,\"type\":\"road_extraction\",\"min_pixel\":50}');
INSERT INTO `boxselection` VALUES (129, 0, 37, NULL, '2022-07-04 09:03:05', '2022-07-04 09:03:06', 0, 0, 1024, 1024, 'http://faye.nat300.top/files/6ce99ad8588648bfa7332618bb8ff9fe_predict_0_0_1024_0', '{\"data\":[{\"color\":[255,255,255],\"num\":128900,\"category\":\"positive\"},{\"color\":[0,0,0],\"num\":919676,\"category\":\"negative\"}],\"top\":0,\"left\":0,\"bottom\":1024,\"confidence\":\"medium\",\"label\":\"http://faye.nat300.top/files/6ce99ad8588648bfa7332618bb8ff9fe_predict_0_0_1024_0\",\"right\":1024,\"type\":\"change_detection\",\"min_pixel\":50}');
INSERT INTO `boxselection` VALUES (130, 1, 22, NULL, '2022-07-04 09:03:28', '2022-07-04 09:03:28', 0, 0, 512, 512, 'http://faye.nat300.top/files/c3bd6d9c5877421f979606c422f4821d_predict_0_0_512_0', '{\"data\":[{\"color\":[255,0,0],\"num\":187234,\"category\":\"buildup\"},{\"color\":[0,255,0],\"num\":63985,\"category\":\"farmland\"},{\"color\":[0,255,255],\"num\":7964,\"category\":\"forest\"},{\"color\":[255,255,0],\"num\":0,\"category\":\"meadow\"},{\"color\":[0,0,255],\"num\":0,\"category\":\"water\"}],\"top\":0,\"left\":0,\"bottom\":512,\"confidence\":\"medium\",\"label\":\"http://faye.nat300.top/files/c3bd6d9c5877421f979606c422f4821d_predict_0_0_512_0\",\"right\":512,\"type\":\"segmentation_5classes\",\"min_pixel\":50}');
INSERT INTO `boxselection` VALUES (131, 2, 8, NULL, '2022-07-04 09:03:47', '2022-07-04 09:03:48', 0, 0, 915, 1044, 'http://faye.nat300.top/files/843a16a80eab455f810bce119b090e74_predict_0_0_915_0', '{\"data\":[{\"score\":0.9219042658805847,\"category_id\":0,\"bbox\":[0,746,28,31],\"category\":\"aircraft\"},{\"score\":0.9184882640838623,\"category_id\":0,\"bbox\":[157,265,65,41],\"category\":\"aircraft\"},{\"score\":0.9167187213897705,\"category_id\":0,\"bbox\":[386,640,55,49],\"category\":\"aircraft\"},{\"score\":0.9132716059684753,\"category_id\":0,\"bbox\":[449,428,51,38],\"category\":\"aircraft\"},{\"score\":0.9131636023521423,\"category_id\":0,\"bbox\":[459,155,27,18],\"category\":\"aircraft\"},{\"score\":0.9129051566123962,\"category_id\":0,\"bbox\":[88,772,37,38],\"category\":\"aircraft\"},{\"score\":0.9080461263656616,\"category_id\":0,\"bbox\":[37,757,37,46],\"category\":\"aircraft\"},{\"score\":0.9071898460388184,\"category_id\":0,\"bbox\":[183,307,61,44],\"category\":\"aircraft\"},{\"score\":0.9047969579696655,\"category_id\":0,\"bbox\":[494,194,23,17],\"category\":\"aircraft\"},{\"score\":0.9012346267700195,\"category_id\":0,\"bbox\":[308,693,54,46],\"category\":\"aircraft\"},{\"score\":0.9005712270736694,\"category_id\":0,\"bbox\":[827,160,32,25],\"category\":\"aircraft\"},{\"score\":0.8963717818260193,\"category_id\":0,\"bbox\":[805,111,22,19],\"category\":\"aircraft\"},{\"score\":0.89620441198349,\"category_id\":0,\"bbox\":[487,152,25,17],\"category\":\"aircraft\"},{\"score\":0.8917246460914612,\"category_id\":0,\"bbox\":[39,657,32,30],\"category\":\"aircraft\"},{\"score\":0.8907482624053955,\"category_id\":0,\"bbox\":[491,229,20,19],\"category\":\"aircraft\"},{\"score\":0.887776792049408,\"category_id\":0,\"bbox\":[434,158,23,16],\"category\":\"aircraft\"},{\"score\":0.8851862549781799,\"category_id\":0,\"bbox\":[817,135,23,20],\"category\":\"aircraft\"},{\"score\":0.8567066788673401,\"category_id\":0,\"bbox\":[523,263,26,21],\"category\":\"aircraft\"},{\"score\":0.8528777956962585,\"category_id\":0,\"bbox\":[849,192,25,22],\"category\":\"aircraft\"},{\"score\":0.7937756776809692,\"category_id\":0,\"bbox\":[492,211,24,16],\"category\":\"aircraft\"},{\"score\":0.6365240812301636,\"category_id\":0,\"bbox\":[95,266,24,22],\"category\":\"aircraft\"},{\"score\":0.6259618401527405,\"category_id\":0,\"bbox\":[513,204,19,16],\"category\":\"aircraft\"},{\"score\":0.47686880826950073,\"category_id\":0,\"bbox\":[516,196,17,13],\"category\":\"aircraft\"}],\"top\":0,\"left\":0,\"bottom\":915,\"confidence\":\"medium\",\"label\":\"http://faye.nat300.top/files/843a16a80eab455f810bce119b090e74_predict_0_0_915_0\",\"right\":1044,\"type\":\"object_detection_aircraft\",\"min_pixel\":50}');
INSERT INTO `boxselection` VALUES (132, 3, 62, NULL, '2022-07-04 09:08:07', '2022-07-04 09:08:18', 0, 0, 1500, 1500, 'http://faye.nat300.top/files/639bbbf2035a4c14a0e00df7856d0183_predict_0_0_1500_0', '{\"data\":[{\"color\":[255,255,255],\"num\":257137,\"category\":\"positive\"},{\"color\":[0,0,0],\"num\":1992863,\"category\":\"negative\"}],\"top\":0,\"left\":0,\"bottom\":1500,\"confidence\":\"medium\",\"label\":\"http://faye.nat300.top/files/639bbbf2035a4c14a0e00df7856d0183_predict_0_0_1500_0\",\"right\":1500,\"type\":\"road_extraction\",\"min_pixel\":50}');
INSERT INTO `boxselection` VALUES (133, 3, 63, NULL, '2022-07-04 09:08:49', '2022-07-04 09:08:51', 0, 0, 1500, 1500, 'http://faye.nat300.top/files/8f03312cc58244f998b6630867de8802_predict_0_0_1500_0', '{\"data\":[{\"color\":[255,255,255],\"num\":154974,\"category\":\"positive\"},{\"color\":[0,0,0],\"num\":2095026,\"category\":\"negative\"}],\"top\":0,\"left\":0,\"bottom\":1500,\"confidence\":\"medium\",\"label\":\"http://faye.nat300.top/files/8f03312cc58244f998b6630867de8802_predict_0_0_1500_0\",\"right\":1500,\"type\":\"road_extraction\",\"min_pixel\":50}');
INSERT INTO `boxselection` VALUES (134, 0, 38, NULL, '2022-07-04 09:09:12', '2022-07-04 09:09:13', 0, 0, 1500, 1500, 'http://faye.nat300.top/files/75ddb6e5379d465db91c7fe1de929b7c_predict_0_0_1500_0', '{\"data\":[{\"color\":[255,255,255],\"num\":54315,\"category\":\"positive\"},{\"color\":[0,0,0],\"num\":2195685,\"category\":\"negative\"}],\"top\":0,\"left\":0,\"bottom\":1500,\"confidence\":\"medium\",\"label\":\"http://faye.nat300.top/files/75ddb6e5379d465db91c7fe1de929b7c_predict_0_0_1500_0\",\"right\":1500,\"type\":\"change_detection\",\"min_pixel\":50}');
INSERT INTO `boxselection` VALUES (135, 3, 64, NULL, '2022-07-04 10:09:29', '2022-07-04 10:09:35', 131, 652, 981, 1467, 'http://faye.nat300.top/files/2e4cf729064f4cab945fe915fc34545f_predict_652_131_981_131', '{\"data\":[{\"color\":[255,255,255],\"num\":80398,\"category\":\"positive\"},{\"color\":[0,0,0],\"num\":612352,\"category\":\"negative\"}],\"top\":131,\"left\":652,\"bottom\":981,\"confidence\":\"medium\",\"label\":\"http://faye.nat300.top/files/2e4cf729064f4cab945fe915fc34545f_predict_652_131_981_131\",\"right\":1467,\"type\":\"road_extraction\",\"min_pixel\":50}');
INSERT INTO `boxselection` VALUES (136, 1, 23, NULL, '2022-07-04 10:10:43', '2022-07-04 10:10:43', 0, 0, 512, 512, 'http://faye.nat300.top/files/b763c5f3fc974c3fb3e819e3091d9e07_predict_0_0_512_0', '{\"data\":[{\"color\":[255,0,0],\"num\":187234,\"category\":\"buildup\"},{\"color\":[0,255,0],\"num\":63985,\"category\":\"farmland\"},{\"color\":[0,255,255],\"num\":7964,\"category\":\"forest\"},{\"color\":[255,255,0],\"num\":0,\"category\":\"meadow\"},{\"color\":[0,0,255],\"num\":0,\"category\":\"water\"}],\"top\":0,\"left\":0,\"bottom\":512,\"confidence\":\"medium\",\"label\":\"http://faye.nat300.top/files/b763c5f3fc974c3fb3e819e3091d9e07_predict_0_0_512_0\",\"right\":512,\"type\":\"segmentation_5classes\",\"min_pixel\":50}');
INSERT INTO `boxselection` VALUES (137, 1, 24, NULL, '2022-07-04 10:11:06', '2022-07-04 10:11:06', 0, 0, 512, 512, 'http://faye.nat300.top/files/a3d49763661d4a44bc5e1fc2e273edb2_predict_0_0_512_0', '{\"data\":[{\"color\":[200,0,0],\"num\":61003,\"category\":\"industrial_land\"},{\"color\":[250,0,150],\"num\":0,\"category\":\"urban_residential\"},{\"color\":[200,150,150],\"num\":18487,\"category\":\"rural_residential\"},{\"color\":[250,150,150],\"num\":13812,\"category\":\"traffic_land\"},{\"color\":[0,200,0],\"num\":0,\"category\":\"paddy_field\"},{\"color\":[150,250,0],\"num\":154442,\"category\":\"irrigated_land\"},{\"color\":[150,200,150],\"num\":0,\"category\":\"dry_cropland\"},{\"color\":[200,0,200],\"num\":1689,\"category\":\"garden_plot\"},{\"color\":[150,0,250],\"num\":1486,\"category\":\"arbor_woodland\"},{\"color\":[150,150,250],\"num\":2419,\"category\":\"shrub_land\"},{\"color\":[250,200,0],\"num\":0,\"category\":\"natural_grassland\"},{\"color\":[200,200,0],\"num\":0,\"category\":\"artificial_grassland\"},{\"color\":[0,0,200],\"num\":0,\"category\":\"river\"},{\"color\":[0,150,200],\"num\":0,\"category\":\"lake\"},{\"color\":[0,200,250],\"num\":0,\"category\":\"pond\"}],\"top\":0,\"left\":0,\"bottom\":512,\"confidence\":\"medium\",\"label\":\"http://faye.nat300.top/files/a3d49763661d4a44bc5e1fc2e273edb2_predict_0_0_512_0\",\"right\":512,\"type\":\"segmentation_15classes\",\"min_pixel\":50}');
INSERT INTO `boxselection` VALUES (138, 3, 65, NULL, '2022-07-04 14:15:41', '2022-07-04 14:15:50', 0, 0, 1500, 1500, 'http://faye.nat300.top/files/3856a88adc6946dd80939780016b6a62_predict_0_0_1500_0', '{\"data\":[{\"color\":[255,255,255],\"num\":36625,\"category\":\"positive\"},{\"color\":[0,0,0],\"num\":2213375,\"category\":\"negative\"}],\"top\":0,\"left\":0,\"bottom\":1500,\"confidence\":\"medium\",\"label\":\"http://faye.nat300.top/files/3856a88adc6946dd80939780016b6a62_predict_0_0_1500_0\",\"right\":1500,\"type\":\"road_extraction\",\"min_pixel\":50}');
INSERT INTO `boxselection` VALUES (139, 0, 39, NULL, '2022-07-04 15:56:37', '2022-07-04 15:56:41', 0, 0, 1024, 1024, 'http://faye.nat300.top/files/5327c1e8f1ea42bcbfd070badc7b613b_predict_0_0_1024_0', '{\"data\":[{\"color\":[255,255,255],\"num\":128900,\"category\":\"positive\"},{\"color\":[0,0,0],\"num\":919676,\"category\":\"negative\"}],\"top\":0,\"left\":0,\"bottom\":1024,\"confidence\":\"medium\",\"label\":\"http://faye.nat300.top/files/5327c1e8f1ea42bcbfd070badc7b613b_predict_0_0_1024_0\",\"right\":1024,\"type\":\"change_detection\",\"min_pixel\":52}');
INSERT INTO `boxselection` VALUES (140, 0, 39, NULL, '2022-07-04 15:56:48', '2022-07-04 15:56:49', 0, 0, 1024, 1024, 'http://faye.nat300.top/files/5327c1e8f1ea42bcbfd070badc7b613b_predict_0_0_1024_0', '{\"data\":[{\"color\":[255,255,255],\"num\":128900,\"category\":\"positive\"},{\"color\":[0,0,0],\"num\":919676,\"category\":\"negative\"}],\"top\":0,\"left\":0,\"bottom\":1024,\"confidence\":\"medium\",\"label\":\"http://faye.nat300.top/files/5327c1e8f1ea42bcbfd070badc7b613b_predict_0_0_1024_0\",\"right\":1024,\"type\":\"change_detection\",\"min_pixel\":52}');
INSERT INTO `boxselection` VALUES (141, 3, 66, NULL, '2022-07-04 15:58:02', '2022-07-04 15:58:06', 0, 0, 1500, 1500, 'http://faye.nat300.top/files/503c0552f321411b9ab7406ca4cc6c0f_predict_0_0_1500_0', '{\"data\":[{\"color\":[255,255,255],\"num\":36625,\"category\":\"positive\"},{\"color\":[0,0,0],\"num\":2213375,\"category\":\"negative\"}],\"top\":0,\"left\":0,\"bottom\":1500,\"confidence\":\"medium\",\"label\":\"http://faye.nat300.top/files/503c0552f321411b9ab7406ca4cc6c0f_predict_0_0_1500_0\",\"right\":1500,\"type\":\"road_extraction\",\"min_pixel\":50}');
INSERT INTO `boxselection` VALUES (142, 2, 9, NULL, '2022-07-04 15:59:21', '2022-07-04 15:59:21', 0, 0, 915, 1044, 'http://faye.nat300.top/files/13fb112b408145afa965a30d74931113_predict_0_0_915_0', '{\"data\":[{\"score\":0.9201930165290833,\"category_id\":0,\"bbox\":[206,798,88,83],\"category\":\"aircraft\"},{\"score\":0.9082996845245361,\"category_id\":0,\"bbox\":[576,4,44,29],\"category\":\"aircraft\"},{\"score\":0.9042912125587463,\"category_id\":0,\"bbox\":[644,11,53,39],\"category\":\"aircraft\"},{\"score\":0.8924448490142822,\"category_id\":0,\"bbox\":[779,61,50,42],\"category\":\"aircraft\"},{\"score\":0.8801082968711853,\"category_id\":0,\"bbox\":[505,98,57,47],\"category\":\"aircraft\"},{\"score\":0.8573656678199768,\"category_id\":0,\"bbox\":[356,50,60,37],\"category\":\"aircraft\"}],\"top\":0,\"left\":0,\"bottom\":915,\"confidence\":\"medium\",\"label\":\"http://faye.nat300.top/files/13fb112b408145afa965a30d74931113_predict_0_0_915_0\",\"right\":1044,\"type\":\"object_detection_aircraft\",\"min_pixel\":50}');
INSERT INTO `boxselection` VALUES (143, 0, 40, NULL, '2022-07-05 09:49:37', '2022-07-05 09:49:45', 0, 0, 1024, 1024, 'http://faye.nat300.top/files/f4dbfdbe94c14c82a34c75b5324feb44_predict_0_0_1024_0', '{\"data\":[{\"color\":[255,255,255],\"num\":128900,\"category\":\"positive\"},{\"color\":[0,0,0],\"num\":919676,\"category\":\"negative\"}],\"top\":0,\"left\":0,\"bottom\":1024,\"confidence\":\"medium\",\"label\":\"http://faye.nat300.top/files/f4dbfdbe94c14c82a34c75b5324feb44_predict_0_0_1024_0\",\"right\":1024,\"type\":\"change_detection\",\"min_pixel\":50}');
INSERT INTO `boxselection` VALUES (144, 3, 67, NULL, '2022-07-05 23:07:56', '2022-07-05 23:08:03', 0, 0, 1500, 1500, 'http://faye.nat300.top/files/01efdc248be64b7084fc27635ff5775a_predict_0_0_1500_0', '{\"data\":[{\"color\":[255,255,255],\"num\":174902,\"category\":\"positive\"},{\"color\":[0,0,0],\"num\":2075098,\"category\":\"negative\"}],\"top\":0,\"left\":0,\"bottom\":1500,\"confidence\":\"medium\",\"label\":\"http://faye.nat300.top/files/01efdc248be64b7084fc27635ff5775a_predict_0_0_1500_0\",\"right\":1500,\"type\":\"road_extraction\",\"min_pixel\":50}');
INSERT INTO `boxselection` VALUES (145, 0, 41, NULL, '2022-07-05 23:09:09', '2022-07-05 23:09:10', 530, 129, 980, 949, 'http://faye.nat300.top/files/2089ae50a6754b87bcd50a5f854b2c7a_predict_129_530_980_530', '{\"data\":[{\"color\":[255,255,255],\"num\":71935,\"category\":\"positive\"},{\"color\":[0,0,0],\"num\":297065,\"category\":\"negative\"}],\"top\":530,\"left\":129,\"bottom\":980,\"confidence\":\"medium\",\"label\":\"http://faye.nat300.top/files/2089ae50a6754b87bcd50a5f854b2c7a_predict_129_530_980_530\",\"right\":949,\"type\":\"change_detection\",\"min_pixel\":50}');
INSERT INTO `boxselection` VALUES (146, 2, 10, NULL, '2022-07-05 23:09:32', '2022-07-05 23:09:32', 0, 0, 915, 1044, 'http://faye.nat300.top/files/b47e67e0ebfa40be8ac34d84562a7d72_predict_0_0_915_0', '{\"data\":[{\"score\":0.9201930165290833,\"category_id\":0,\"bbox\":[206,798,88,83],\"category\":\"aircraft\"},{\"score\":0.9082996845245361,\"category_id\":0,\"bbox\":[576,4,44,29],\"category\":\"aircraft\"},{\"score\":0.9042912125587463,\"category_id\":0,\"bbox\":[644,11,53,39],\"category\":\"aircraft\"},{\"score\":0.8924448490142822,\"category_id\":0,\"bbox\":[779,61,50,42],\"category\":\"aircraft\"},{\"score\":0.8801082968711853,\"category_id\":0,\"bbox\":[505,98,57,47],\"category\":\"aircraft\"},{\"score\":0.8573656678199768,\"category_id\":0,\"bbox\":[356,50,60,37],\"category\":\"aircraft\"}],\"top\":0,\"left\":0,\"bottom\":915,\"confidence\":\"medium\",\"label\":\"http://faye.nat300.top/files/b47e67e0ebfa40be8ac34d84562a7d72_predict_0_0_915_0\",\"right\":1044,\"type\":\"object_detection_aircraft\",\"min_pixel\":50}');
INSERT INTO `boxselection` VALUES (147, 1, 25, NULL, '2022-07-05 23:09:51', '2022-07-05 23:09:51', 0, 0, 512, 512, 'http://faye.nat300.top/files/ea8c448757a74f62a41c3e79a4eaa805_predict_0_0_512_0', '{\"data\":[{\"color\":[200,0,0],\"num\":7210,\"category\":\"industrial_land\"},{\"color\":[250,0,150],\"num\":2117,\"category\":\"urban_residential\"},{\"color\":[200,150,150],\"num\":74133,\"category\":\"rural_residential\"},{\"color\":[250,150,150],\"num\":14614,\"category\":\"traffic_land\"},{\"color\":[0,200,0],\"num\":0,\"category\":\"paddy_field\"},{\"color\":[150,250,0],\"num\":141977,\"category\":\"irrigated_land\"},{\"color\":[150,200,150],\"num\":0,\"category\":\"dry_cropland\"},{\"color\":[200,0,200],\"num\":0,\"category\":\"garden_plot\"},{\"color\":[150,0,250],\"num\":0,\"category\":\"arbor_woodland\"},{\"color\":[150,150,250],\"num\":1039,\"category\":\"shrub_land\"},{\"color\":[250,200,0],\"num\":0,\"category\":\"natural_grassland\"},{\"color\":[200,200,0],\"num\":0,\"category\":\"artificial_grassland\"},{\"color\":[0,0,200],\"num\":127,\"category\":\"river\"},{\"color\":[0,150,200],\"num\":0,\"category\":\"lake\"},{\"color\":[0,200,250],\"num\":10747,\"category\":\"pond\"}],\"top\":0,\"left\":0,\"bottom\":512,\"confidence\":\"medium\",\"label\":\"http://faye.nat300.top/files/ea8c448757a74f62a41c3e79a4eaa805_predict_0_0_512_0\",\"right\":512,\"type\":\"segmentation_15classes\",\"min_pixel\":50}');
INSERT INTO `boxselection` VALUES (148, 3, 70, NULL, '2022-07-05 23:46:03', '2022-07-05 23:46:18', 0, 0, 512, 512, 'http://faye.nat300.top/files/52a1ea27b88f48ecba9b8c675bab589a_predict_0_0_512_0', '{\"data\":[{\"color\":[255,255,255],\"num\":5346,\"category\":\"positive\"},{\"color\":[0,0,0],\"num\":256798,\"category\":\"negative\"}],\"top\":0,\"left\":0,\"bottom\":512,\"confidence\":\"medium\",\"label\":\"http://faye.nat300.top/files/52a1ea27b88f48ecba9b8c675bab589a_predict_0_0_512_0\",\"right\":512,\"type\":\"road_extraction\",\"min_pixel\":50}');
INSERT INTO `boxselection` VALUES (149, 1, 26, NULL, '2022-07-05 23:46:51', '2022-07-05 23:46:52', 0, 0, 512, 512, 'http://faye.nat300.top/files/17f2fbb2963a4cae802976b68bbcea17_predict_0_0_512_0', '{\"data\":[{\"color\":[200,0,0],\"num\":20064,\"category\":\"industrial_land\"},{\"color\":[250,0,150],\"num\":19603,\"category\":\"urban_residential\"},{\"color\":[200,150,150],\"num\":24622,\"category\":\"rural_residential\"},{\"color\":[250,150,150],\"num\":48658,\"category\":\"traffic_land\"},{\"color\":[0,200,0],\"num\":0,\"category\":\"paddy_field\"},{\"color\":[150,250,0],\"num\":88469,\"category\":\"irrigated_land\"},{\"color\":[150,200,150],\"num\":509,\"category\":\"dry_cropland\"},{\"color\":[200,0,200],\"num\":0,\"category\":\"garden_plot\"},{\"color\":[150,0,250],\"num\":0,\"category\":\"arbor_woodland\"},{\"color\":[150,150,250],\"num\":5634,\"category\":\"shrub_land\"},{\"color\":[250,200,0],\"num\":0,\"category\":\"natural_grassland\"},{\"color\":[200,200,0],\"num\":0,\"category\":\"artificial_grassland\"},{\"color\":[0,0,200],\"num\":3378,\"category\":\"river\"},{\"color\":[0,150,200],\"num\":134,\"category\":\"lake\"},{\"color\":[0,200,250],\"num\":0,\"category\":\"pond\"}],\"top\":0,\"left\":0,\"bottom\":512,\"confidence\":\"medium\",\"label\":\"http://faye.nat300.top/files/17f2fbb2963a4cae802976b68bbcea17_predict_0_0_512_0\",\"right\":512,\"type\":\"segmentation_15classes\",\"min_pixel\":50}');
INSERT INTO `boxselection` VALUES (150, 0, 42, NULL, '2022-07-07 19:13:51', '2022-07-07 19:14:01', 0, 0, 1024, 1024, 'http://faye.nat300.top/files/da2486f6667f44568111bcd112ef5d56_predict_0_0_1024_0', '{\"data\":[{\"color\":[255,255,255],\"num\":128900,\"category\":\"positive\"},{\"color\":[0,0,0],\"num\":919676,\"category\":\"negative\"}],\"top\":0,\"left\":0,\"bottom\":1024,\"confidence\":\"medium\",\"label\":\"http://faye.nat300.top/files/da2486f6667f44568111bcd112ef5d56_predict_0_0_1024_0\",\"right\":1024,\"type\":\"change_detection\",\"min_pixel\":50}');
INSERT INTO `boxselection` VALUES (151, 1, 27, NULL, '2022-07-07 20:28:11', '2022-07-07 20:28:12', 65, 112, 409, 450, 'http://faye.nat300.top/files/ca64d05e60ad47b688fcd7b598dad5e9_predict_112_65_409_65', '{\"data\":[{\"color\":[200,0,0],\"num\":0,\"category\":\"industrial_land\"},{\"color\":[250,0,150],\"num\":5111,\"category\":\"urban_residential\"},{\"color\":[200,150,150],\"num\":39972,\"category\":\"rural_residential\"},{\"color\":[250,150,150],\"num\":1164,\"category\":\"traffic_land\"},{\"color\":[0,200,0],\"num\":0,\"category\":\"paddy_field\"},{\"color\":[150,250,0],\"num\":65225,\"category\":\"irrigated_land\"},{\"color\":[150,200,150],\"num\":0,\"category\":\"dry_cropland\"},{\"color\":[200,0,200],\"num\":0,\"category\":\"garden_plot\"},{\"color\":[150,0,250],\"num\":1216,\"category\":\"arbor_woodland\"},{\"color\":[150,150,250],\"num\":0,\"category\":\"shrub_land\"},{\"color\":[250,200,0],\"num\":0,\"category\":\"natural_grassland\"},{\"color\":[200,200,0],\"num\":0,\"category\":\"artificial_grassland\"},{\"color\":[0,0,200],\"num\":0,\"category\":\"river\"},{\"color\":[0,150,200],\"num\":0,\"category\":\"lake\"},{\"color\":[0,200,250],\"num\":1197,\"category\":\"pond\"}],\"top\":65,\"left\":112,\"bottom\":409,\"confidence\":\"medium\",\"label\":\"http://faye.nat300.top/files/ca64d05e60ad47b688fcd7b598dad5e9_predict_112_65_409_65\",\"right\":450,\"type\":\"segmentation_15classes\",\"min_pixel\":50}');
INSERT INTO `boxselection` VALUES (152, 1, 27, NULL, '2022-07-07 20:31:08', '2022-07-07 20:31:08', 432, 59, 498, 476, 'http://faye.nat300.top/files/ca64d05e60ad47b688fcd7b598dad5e9_predict_59_432_498_432', '{\"data\":[{\"color\":[200,0,0],\"num\":0,\"category\":\"industrial_land\"},{\"color\":[250,0,150],\"num\":1703,\"category\":\"urban_residential\"},{\"color\":[200,150,150],\"num\":8904,\"category\":\"rural_residential\"},{\"color\":[250,150,150],\"num\":198,\"category\":\"traffic_land\"},{\"color\":[0,200,0],\"num\":0,\"category\":\"paddy_field\"},{\"color\":[150,250,0],\"num\":12400,\"category\":\"irrigated_land\"},{\"color\":[150,200,150],\"num\":0,\"category\":\"dry_cropland\"},{\"color\":[200,0,200],\"num\":0,\"category\":\"garden_plot\"},{\"color\":[150,0,250],\"num\":399,\"category\":\"arbor_woodland\"},{\"color\":[150,150,250],\"num\":0,\"category\":\"shrub_land\"},{\"color\":[250,200,0],\"num\":0,\"category\":\"natural_grassland\"},{\"color\":[200,200,0],\"num\":0,\"category\":\"artificial_grassland\"},{\"color\":[0,0,200],\"num\":0,\"category\":\"river\"},{\"color\":[0,150,200],\"num\":0,\"category\":\"lake\"},{\"color\":[0,200,250],\"num\":0,\"category\":\"pond\"}],\"top\":432,\"left\":59,\"bottom\":498,\"confidence\":\"medium\",\"label\":\"http://faye.nat300.top/files/ca64d05e60ad47b688fcd7b598dad5e9_predict_59_432_498_432\",\"right\":476,\"type\":\"segmentation_15classes\",\"min_pixel\":50}');
INSERT INTO `boxselection` VALUES (153, 0, 43, NULL, '2022-07-07 20:32:10', '2022-07-07 20:32:11', 0, 0, 1024, 1024, 'http://faye.nat300.top/files/067a9bfd62d24729a19ad183f07c3b51_predict_0_0_1024_0', '{\"data\":[{\"color\":[255,255,255],\"num\":128900,\"category\":\"positive\"},{\"color\":[0,0,0],\"num\":919676,\"category\":\"negative\"}],\"top\":0,\"left\":0,\"bottom\":1024,\"confidence\":\"medium\",\"label\":\"http://faye.nat300.top/files/067a9bfd62d24729a19ad183f07c3b51_predict_0_0_1024_0\",\"right\":1024,\"type\":\"change_detection\",\"min_pixel\":50}');
INSERT INTO `boxselection` VALUES (154, 0, 44, NULL, '2022-07-09 10:50:00', '2022-07-09 10:50:08', 87, 299, 903, 973, 'http://faye.nat300.top/files/3d3904435ff54663ae2cc9d0e43aa624_predict_299_87_903_87', '{\"data\":[{\"color\":[255,255,255],\"num\":23802,\"category\":\"positive\"},{\"color\":[0,0,0],\"num\":526182,\"category\":\"negative\"}],\"top\":87,\"left\":299,\"bottom\":903,\"confidence\":\"medium\",\"label\":\"http://faye.nat300.top/files/3d3904435ff54663ae2cc9d0e43aa624_predict_299_87_903_87\",\"right\":973,\"type\":\"change_detection\",\"min_pixel\":50}');
INSERT INTO `boxselection` VALUES (155, 3, 71, NULL, '2022-07-10 13:07:14', '2022-07-10 13:07:23', 0, 0, 1500, 1500, 'http://faye.nat300.top/files/1f7475f99d8647428db11f6ef83faec5_predict_0_0_1500_0', '{\"data\":[{\"color\":[255,255,255],\"num\":94303,\"category\":\"positive\"},{\"color\":[0,0,0],\"num\":2155697,\"category\":\"negative\"}],\"top\":0,\"left\":0,\"bottom\":1500,\"confidence\":\"medium\",\"label\":\"http://faye.nat300.top/files/1f7475f99d8647428db11f6ef83faec5_predict_0_0_1500_0\",\"right\":1500,\"type\":\"road_extraction\",\"min_pixel\":50}');

-- ----------------------------
-- Table structure for cdhistory
-- ----------------------------
DROP TABLE IF EXISTS `cdhistory`;
CREATE TABLE `cdhistory`  (
  `id` bigint NOT NULL AUTO_INCREMENT COMMENT '变化检测记录唯一标识ID',
  `project_id` bigint NOT NULL COMMENT '项目的唯一标识ID',
  `title` varchar(255) CHARACTER SET utf8mb4 COLLATE utf8mb4_unicode_ci NULL DEFAULT NULL COMMENT '用户给定的该操作名称',
  `start_time` datetime NOT NULL COMMENT '开始时间',
  `end_time` datetime NULL DEFAULT NULL COMMENT '结束时间',
  `source_img1` varchar(255) CHARACTER SET utf8mb4 COLLATE utf8mb4_unicode_ci NOT NULL COMMENT '上传的原始图片时相1url地址',
  `source_img2` varchar(255) CHARACTER SET utf8mb4 COLLATE utf8mb4_unicode_ci NOT NULL COMMENT '上传的原始图片时相2url地址',
  `result_img` varchar(255) CHARACTER SET utf8mb4 COLLATE utf8mb4_unicode_ci NULL DEFAULT NULL COMMENT '结果图片的url地址',
  `result` varchar(1024) CHARACTER SET utf8mb4 COLLATE utf8mb4_unicode_ci NULL DEFAULT NULL COMMENT '这里暂时代表一下返回的分析的一些数据',
  `choose` int NULL DEFAULT NULL COMMENT '是否存在框选',
  PRIMARY KEY (`id`) USING BTREE
) ENGINE = InnoDB AUTO_INCREMENT = 46 CHARACTER SET = utf8mb4 COLLATE = utf8mb4_unicode_ci COMMENT = '变化检测的历史记录' ROW_FORMAT = DYNAMIC;

-- ----------------------------
-- Records of cdhistory
-- ----------------------------
INSERT INTO `cdhistory` VALUES (1, 4, 'test', '2022-06-30 12:39:48', NULL, 'http://faye.nat300.top:80/files/96bfa09f1d104d898131c79a12b11e59', 'http://faye.nat300.top:80/files/bae12120b6c942b9a720b6e3f61eff9b', NULL, NULL, 1);
INSERT INTO `cdhistory` VALUES (2, 4, 'test', '2022-06-30 12:40:35', NULL, 'http://faye.nat300.top:80/files/932ba231c6f043738f36241a1110f3ec', 'http://faye.nat300.top:80/files/7927a6ccc045414baa52d407c575c09f', NULL, NULL, 1);
INSERT INTO `cdhistory` VALUES (3, 4, 'test', '2022-06-30 14:23:56', NULL, 'http://faye.nat300.top:80/files/b6f389caafd6429682594bdfa4991d73', 'http://faye.nat300.top:80/files/7c80bac40abf40f9b7978d7907ea3749', NULL, NULL, 1);
INSERT INTO `cdhistory` VALUES (4, 4, 'test', '2022-06-30 15:01:54', NULL, 'http://faye.nat300.top:80/files/6ea0c4e125044ba4bb5c3cd31d0eba0d', 'http://faye.nat300.top:80/files/13985df5a7f841839e0e6fbb5480272b', NULL, NULL, 1);
INSERT INTO `cdhistory` VALUES (5, 1, 'test', '2022-06-30 15:07:52', NULL, 'http://faye.nat300.top:80/files/e303df6d03bf4eb7850cf5a6705db689', 'http://faye.nat300.top:80/files/ee944ca32d364be68113756a32feac80', NULL, NULL, 1);
INSERT INTO `cdhistory` VALUES (6, 3, 'test', '2022-06-30 15:27:18', NULL, 'http://faye.nat300.top:80/files/872d43ae73bc4e82b36def1c95370e84', 'http://faye.nat300.top:80/files/b8cd58c14f82438dbaafcb4e4066b001', NULL, NULL, 1);
INSERT INTO `cdhistory` VALUES (7, 4, 'test', '2022-06-30 22:51:36', NULL, 'http://faye.nat300.top:80/files/8e6811a98c0a4fe38e02fbd4daa39ba7', 'http://faye.nat300.top:80/files/9745772ff9304c05afe816cac4d7c9f5', NULL, NULL, 1);
INSERT INTO `cdhistory` VALUES (8, 3, 'test', '2022-07-01 15:31:25', NULL, 'http://faye.nat300.top:80/files/e0cc050842fd4aadb7603a007458139d', 'http://faye.nat300.top:80/files/16d9bb28d2df4587af63e6eb1fcca605', NULL, NULL, 1);
INSERT INTO `cdhistory` VALUES (9, 3, 'test', '2022-07-01 15:33:14', NULL, 'http://faye.nat300.top:80/files/f177c90d90734650969af59441ca2045', 'http://faye.nat300.top:80/files/465e6eb16cae465da6a0fd4d5a63955c', NULL, NULL, 1);
INSERT INTO `cdhistory` VALUES (10, 3, 'test', '2022-07-01 15:34:23', NULL, 'http://faye.nat300.top:80/files/48d8d6918398420fae1bbbbc391aac22', 'http://faye.nat300.top:80/files/393f721d6e904db3a3a40c0bd2d42abc', NULL, NULL, 1);
INSERT INTO `cdhistory` VALUES (11, 5, '检测全图', '2022-07-01 15:43:21', NULL, 'http://faye.nat300.top:80/files/eb7941811d9345eea1caee66a4d2570c', 'http://faye.nat300.top:80/files/b345bc34a65248568d02767be8eca27c', NULL, NULL, 1);
INSERT INTO `cdhistory` VALUES (12, 5, 'test6666666', '2022-07-01 15:44:36', NULL, 'http://faye.nat300.top:80/files/3decaa0e81f9489a90876b4e1afb6c3f', 'http://faye.nat300.top:80/files/2ea8d7590ff0442cb502f1aaa91a1ac5', NULL, NULL, 1);
INSERT INTO `cdhistory` VALUES (13, 5, '显示结果图吧！', '2022-07-01 15:55:52', NULL, 'http://faye.nat300.top:80/files/091f9d5d0c3445c48cca4c2db11533cc', 'http://faye.nat300.top:80/files/eab62cd8e76a48568d2495b2f28b1572', NULL, NULL, 1);
INSERT INTO `cdhistory` VALUES (14, 1, 'test', '2022-07-02 08:47:21', NULL, 'http://faye.nat300.top:80/files/40c85321fde04214a6bbeb9f3d2fd64e', 'http://faye.nat300.top:80/files/a726ba3dd8ca47a1a95895792586bca1', NULL, NULL, 1);
INSERT INTO `cdhistory` VALUES (15, 1, 'test', '2022-07-02 09:13:30', NULL, 'http://faye.nat300.top:80/files/af973e7a9e50475aa9843579082ebeeb', 'http://faye.nat300.top:80/files/0f49c6b91d78454a9b52267c7f4be284', NULL, NULL, 1);
INSERT INTO `cdhistory` VALUES (16, 1, '做个封面', '2022-07-02 10:36:22', NULL, 'http://faye.nat300.top:80/files/cc834027b7784bdc8e9da972513247e7', 'http://faye.nat300.top:80/files/3140855929e349b18ad798576382944c', NULL, NULL, 1);
INSERT INTO `cdhistory` VALUES (17, 1, 'test', '2022-07-02 11:06:31', NULL, 'http://faye.nat300.top:80/files/a073b39f9c9246b19fffb47b8c7b1f11', 'http://faye.nat300.top:80/files/c69bbc5940fe43e7a94352dd9167db71', NULL, NULL, 1);
INSERT INTO `cdhistory` VALUES (18, 1, 'test', '2022-07-02 11:07:36', NULL, 'http://faye.nat300.top:80/files/9a50897f10104f7a80426338852fa039', 'http://faye.nat300.top:80/files/a6a662a100314319b4c50616b94641ae', NULL, NULL, NULL);
INSERT INTO `cdhistory` VALUES (19, 1, 'test', '2022-07-02 11:10:27', NULL, 'http://faye.nat300.top:80/files/b2c00dd4462d4ead8f791994fe62b5a8', 'http://faye.nat300.top:80/files/f15d5918084d4e6584691ee737c7e7c8', NULL, NULL, 1);
INSERT INTO `cdhistory` VALUES (20, 1, 'test', '2022-07-02 11:12:12', NULL, 'http://faye.nat300.top:80/files/c3e95fdbe28b4eab8940050c7a77566f', 'http://faye.nat300.top:80/files/bc6901d0d67a4833a0934e3f9f410377', NULL, NULL, 1);
INSERT INTO `cdhistory` VALUES (21, 5, '变化检测', '2022-07-02 11:16:34', NULL, 'http://faye.nat300.top:80/files/fa875d1913b14c4a9aa46370de1d2cc3', 'http://faye.nat300.top:80/files/db3dc25f7e8b4874aa0b9b0af04c3eaf', NULL, NULL, 1);
INSERT INTO `cdhistory` VALUES (22, 1, '封面！！！！', '2022-07-02 11:16:50', NULL, 'http://faye.nat300.top:80/files/35a53f0e35de408f9de48ad5d3eb6acb', 'http://faye.nat300.top:80/files/ad39020f5826444085c0dcd022aad72e', NULL, NULL, 1);
INSERT INTO `cdhistory` VALUES (23, 3, 'test', '2022-07-02 16:02:46', NULL, 'http://faye.nat300.top:80/files/5b90b406e5834c469587d08d332240a2', 'http://faye.nat300.top:80/files/d04c3f936ead402b8dfa1e65b8309946', NULL, NULL, 1);
INSERT INTO `cdhistory` VALUES (24, 8, 'test', '2022-07-02 23:44:21', NULL, 'http://faye.nat300.top:80/files/a8cef0de5fa84da0965c8c3a9288e98d', 'http://faye.nat300.top:80/files/805e0cfa522846198302e261395f45c5', NULL, NULL, 1);
INSERT INTO `cdhistory` VALUES (25, 9, 'test', '2022-07-03 01:06:06', NULL, 'http://faye.nat300.top:80/files/d7157fbfdcf14913b4d8936be22d5096', 'http://faye.nat300.top:80/files/03c4bce57b724c219f07c967c2f6eed2', NULL, NULL, 1);
INSERT INTO `cdhistory` VALUES (26, 8, 'test', '2022-07-03 14:53:51', NULL, 'http://faye.nat300.top:80/files/018b80f48cb946a1a8507895c8351b38', 'http://faye.nat300.top:80/files/34cfc526a07949d49be6c82a2f2c5cb9', NULL, NULL, 1);
INSERT INTO `cdhistory` VALUES (27, 10, 'test', '2022-07-03 17:37:04', NULL, 'http://faye.nat300.top:80/files/698ccf85df4343a0b5ea5fc77c23767c', 'http://faye.nat300.top:80/files/058171e23b7d40de907f85fdfb2a34eb', NULL, NULL, 1);
INSERT INTO `cdhistory` VALUES (28, 10, 'test', '2022-07-03 17:37:45', NULL, 'http://faye.nat300.top:80/files/4e1f5188ba924b56aa1929508ffa4ad3', 'http://faye.nat300.top:80/files/52b9965bb13c474488e1b75db51a4072', NULL, NULL, 1);
INSERT INTO `cdhistory` VALUES (29, 11, 'test', '2022-07-03 19:32:01', NULL, 'http://faye.nat300.top:80/files/dcb2cf4a6ca744799f0c2cc90a919559', 'http://faye.nat300.top:80/files/427b2dfe263e45e59adbdc7034457fa5', NULL, NULL, NULL);
INSERT INTO `cdhistory` VALUES (30, 11, 'test', '2022-07-03 19:37:21', NULL, 'http://faye.nat300.top:80/files/54438539492744ff99ae99e7d3601711', 'http://faye.nat300.top:80/files/358e0e73168447fda224e672218c96de', NULL, NULL, 1);
INSERT INTO `cdhistory` VALUES (31, 15, 'test', '2022-07-03 21:41:20', NULL, 'http://faye.nat300.top:80/files/4450ac5d559b45e890b6e53bcfad8779', 'http://faye.nat300.top:80/files/3ada13f7465e4bd68ae609c9f37d7d7a', NULL, NULL, 1);
INSERT INTO `cdhistory` VALUES (32, 15, 'test', '2022-07-03 21:43:20', NULL, 'http://faye.nat300.top:80/files/d9b0e5ec9f3b4098baaab226cf942fb0', 'http://faye.nat300.top:80/files/d834a57e261143a2891a8b67b0b54316', NULL, NULL, 1);
INSERT INTO `cdhistory` VALUES (33, 16, 'test', '2022-07-03 21:50:18', NULL, 'http://faye.nat300.top:80/files/abb079ff25614d3cb9e96d2375b6a057', 'http://faye.nat300.top:80/files/6dd4c19f72264868b992ef8395b73e3c', NULL, NULL, 1);
INSERT INTO `cdhistory` VALUES (34, 11, 'test', '2022-07-03 23:52:13', NULL, 'http://faye.nat300.top:80/files/bf0fdf93fadc4d198a1b411b9ddc353a', 'http://faye.nat300.top:80/files/265ef6a712904c4cab21c8b224cfebbf', NULL, NULL, 1);
INSERT INTO `cdhistory` VALUES (35, 11, 'test', '2022-07-03 23:52:43', NULL, 'http://faye.nat300.top:80/files/5f454bf72c494b1e80c250e4d881e753', 'http://faye.nat300.top:80/files/296b780bee8c42b09e264d6c0336a554', NULL, NULL, 1);
INSERT INTO `cdhistory` VALUES (36, 11, 'test', '2022-07-04 08:51:46', NULL, 'http://faye.nat300.top:80/files/c4ea2b7d2e58472f81c450e60a062898', 'http://faye.nat300.top:80/files/2b846ae96fc54b78b88cb36d87a434a0', NULL, NULL, 1);
INSERT INTO `cdhistory` VALUES (37, 11, 'test', '2022-07-04 09:03:05', NULL, 'http://faye.nat300.top:80/files/6ce99ad8588648bfa7332618bb8ff9fe', 'http://faye.nat300.top:80/files/51794eafc4b349398d0c97c1b3081356', NULL, NULL, 1);
INSERT INTO `cdhistory` VALUES (38, 11, 'test', '2022-07-04 09:09:12', NULL, 'http://faye.nat300.top:80/files/75ddb6e5379d465db91c7fe1de929b7c', 'http://faye.nat300.top:80/files/4f6b674d7af6439097bea41c10fcd10a', NULL, NULL, 1);
INSERT INTO `cdhistory` VALUES (39, 11, 'test', '2022-07-04 15:56:37', NULL, 'http://faye.nat300.top:80/files/5327c1e8f1ea42bcbfd070badc7b613b', 'http://faye.nat300.top:80/files/c8a3a211d9d049e4aa6e9f8ed4dda144', NULL, NULL, 1);
INSERT INTO `cdhistory` VALUES (40, 11, 'test', '2022-07-05 09:49:37', NULL, 'http://faye.nat300.top:80/files/f4dbfdbe94c14c82a34c75b5324feb44', 'http://faye.nat300.top:80/files/44654a3639294e6dbd33d73a99f70268', NULL, NULL, 1);
INSERT INTO `cdhistory` VALUES (41, 11, 'test', '2022-07-05 23:09:09', NULL, 'http://faye.nat300.top:80/files/2089ae50a6754b87bcd50a5f854b2c7a', 'http://faye.nat300.top:80/files/890b91167aef4bf8b2a36bde3ca34949', NULL, NULL, 1);
INSERT INTO `cdhistory` VALUES (42, 20, '全图提取', '2022-07-07 19:13:51', NULL, 'http://faye.nat300.top:80/files/da2486f6667f44568111bcd112ef5d56', 'http://faye.nat300.top:80/files/3c9695c34d9e4155bff6f75c7f06ee28', NULL, NULL, 1);
INSERT INTO `cdhistory` VALUES (44, 22, 'test', '2022-07-09 10:50:00', NULL, 'http://faye.nat300.top:80/files/3d3904435ff54663ae2cc9d0e43aa624', 'http://faye.nat300.top:80/files/56baa8f1a64b4d3189923958d4034e93', NULL, NULL, 1);
INSERT INTO `cdhistory` VALUES (45, 22, 'test', '2022-07-09 10:53:24', NULL, 'http://faye.nat300.top:80/files/f010f99f25784bfe963b27f25f292687', 'http://faye.nat300.top:80/files/85efddf3323e4c3a84473a4f0ba7fdde', NULL, NULL, NULL);

-- ----------------------------
-- Table structure for ochistory
-- ----------------------------
DROP TABLE IF EXISTS `ochistory`;
CREATE TABLE `ochistory`  (
  `id` bigint NOT NULL AUTO_INCREMENT COMMENT '地物分类记录唯一标识ID',
  `project_id` bigint NOT NULL COMMENT '项目的唯一标识ID',
  `title` varchar(255) CHARACTER SET utf8mb4 COLLATE utf8mb4_unicode_ci NULL DEFAULT NULL COMMENT '用户给定的该操作名称',
  `start_time` datetime NOT NULL COMMENT '开始时间',
  `end_time` datetime NULL DEFAULT NULL COMMENT '结束时间',
  `source_img` varchar(255) CHARACTER SET utf8mb4 COLLATE utf8mb4_unicode_ci NOT NULL COMMENT '上传的原始图片url地址',
  `result_img` varchar(255) CHARACTER SET utf8mb4 COLLATE utf8mb4_unicode_ci NULL DEFAULT NULL COMMENT '结果图片的url地址',
  `result` varchar(2048) CHARACTER SET utf8mb4 COLLATE utf8mb4_unicode_ci NULL DEFAULT NULL COMMENT '这里暂时代表一下返回的分析的一些数据',
  `choose` int NULL DEFAULT NULL COMMENT '是否存在框选',
  PRIMARY KEY (`id`) USING BTREE
) ENGINE = InnoDB AUTO_INCREMENT = 28 CHARACTER SET = utf8mb4 COLLATE = utf8mb4_unicode_ci COMMENT = '地物分类的历史记录' ROW_FORMAT = DYNAMIC;

-- ----------------------------
-- Records of ochistory
-- ----------------------------
INSERT INTO `ochistory` VALUES (1, 4, 'test', '2022-06-30 12:43:03', NULL, 'http://faye.nat300.top:80/files/5f2343315cee4e909bd9c65d434a02b4', NULL, NULL, 1);
INSERT INTO `ochistory` VALUES (2, 3, '222', '2022-06-30 15:30:48', NULL, 'http://faye.nat300.top:80/files/5891f655d4ff4151988627d4064e55ae', NULL, NULL, 1);
INSERT INTO `ochistory` VALUES (3, 3, 'test', '2022-06-30 15:34:54', NULL, 'http://faye.nat300.top:80/files/7667a0e77b1c4297b8309f9b7e5d6599', NULL, NULL, 1);
INSERT INTO `ochistory` VALUES (4, 3, 'test', '2022-06-30 15:41:50', NULL, 'http://faye.nat300.top:80/files/f6a29150faa34d7d8a259dbd49b81975', NULL, NULL, 1);
INSERT INTO `ochistory` VALUES (5, 3, 'test', '2022-06-30 15:54:29', NULL, 'http://faye.nat300.top:80/files/6d145ef240a44ccf8a12c190806cc713', NULL, NULL, 1);
INSERT INTO `ochistory` VALUES (6, 3, 'test', '2022-06-30 15:56:54', NULL, 'http://faye.nat300.top:80/files/4fac8d2054e3467f93c8884636bb9ca1', NULL, NULL, 1);
INSERT INTO `ochistory` VALUES (7, 3, '432', '2022-06-30 15:58:05', NULL, 'http://faye.nat300.top:80/files/6a6236683d1845e6ba1922671f4c0300', NULL, NULL, 1);
INSERT INTO `ochistory` VALUES (8, 3, '213', '2022-06-30 15:59:07', NULL, 'http://faye.nat300.top:80/files/3758fa6258484e37a501ca398f00fe63', NULL, NULL, 1);
INSERT INTO `ochistory` VALUES (9, 3, 'dsdas', '2022-06-30 16:00:14', NULL, 'http://faye.nat300.top:80/files/c66645ed66f64c7aac15415a12274e5d', NULL, NULL, NULL);
INSERT INTO `ochistory` VALUES (10, 3, '123', '2022-06-30 16:02:31', NULL, 'http://faye.nat300.top:80/files/24f93f2bf6ae4f0bbb4953b3949bfa22', NULL, NULL, 1);
INSERT INTO `ochistory` VALUES (11, 3, '111', '2022-06-30 16:06:32', NULL, 'http://faye.nat300.top:80/files/ae9ce5db9130405284d822fb430e3e05', NULL, NULL, 1);
INSERT INTO `ochistory` VALUES (12, 5, 'noBUG!', '2022-06-30 18:24:09', NULL, 'http://faye.nat300.top:80/files/f7bee7e9f9814c82a863d987c301aada', NULL, NULL, NULL);
INSERT INTO `ochistory` VALUES (13, 3, '3421', '2022-07-01 15:34:59', NULL, 'http://faye.nat300.top:80/files/ee5aa870af624fd69e2c5cdc90bdb96e', NULL, NULL, 1);
INSERT INTO `ochistory` VALUES (14, 3, 'tes', '2022-07-02 08:34:09', NULL, 'http://faye.nat300.top:80/files/c39efe3ffed1453bb3f37efa6a3f4702', NULL, NULL, 1);
INSERT INTO `ochistory` VALUES (15, 8, '地物精分类', '2022-07-02 23:24:42', NULL, 'http://faye.nat300.top:80/files/a2d6cebe285742f79008b00d979022f4', NULL, NULL, 1);
INSERT INTO `ochistory` VALUES (17, 9, '语义分割', '2022-07-03 01:07:16', NULL, 'http://faye.nat300.top:80/files/3cb08150b1c4441893904a3b90f9892e', NULL, NULL, 1);
INSERT INTO `ochistory` VALUES (18, 9, 'a', '2022-07-03 01:49:38', NULL, 'http://faye.nat300.top:80/files/5aad875c5af64b359c1a90bf89605e96', NULL, NULL, 1);
INSERT INTO `ochistory` VALUES (19, 13, '15', '2022-07-03 20:59:12', NULL, 'http://faye.nat300.top:80/files/9b5e1d56c69144709bfe6a75bedbd676', NULL, NULL, 1);
INSERT INTO `ochistory` VALUES (20, 14, 'test', '2022-07-03 21:09:35', NULL, 'http://faye.nat300.top:80/files/44d4d040248547bb97e7087f09eeb42e', NULL, NULL, 1);
INSERT INTO `ochistory` VALUES (21, 16, 'test', '2022-07-03 21:52:01', NULL, 'http://faye.nat300.top:80/files/410061fb96014abdba0c45760b516b09', NULL, NULL, 1);
INSERT INTO `ochistory` VALUES (22, 11, 'test', '2022-07-04 09:03:27', NULL, 'http://faye.nat300.top:80/files/c3bd6d9c5877421f979606c422f4821d', NULL, NULL, 1);
INSERT INTO `ochistory` VALUES (23, 16, 'test', '2022-07-04 10:10:43', NULL, 'http://faye.nat300.top:80/files/b763c5f3fc974c3fb3e819e3091d9e07', NULL, NULL, 1);
INSERT INTO `ochistory` VALUES (24, 16, 'test', '2022-07-04 10:11:05', NULL, 'http://faye.nat300.top:80/files/a3d49763661d4a44bc5e1fc2e273edb2', NULL, NULL, 1);
INSERT INTO `ochistory` VALUES (25, 11, 'test', '2022-07-05 23:09:51', NULL, 'http://faye.nat300.top:80/files/ea8c448757a74f62a41c3e79a4eaa805', NULL, NULL, 1);
INSERT INTO `ochistory` VALUES (26, 11, 'test', '2022-07-05 23:46:51', NULL, 'http://faye.nat300.top:80/files/17f2fbb2963a4cae802976b68bbcea17', NULL, NULL, 1);
INSERT INTO `ochistory` VALUES (27, 20, '框选提取', '2022-07-07 20:28:11', NULL, 'http://faye.nat300.top:80/files/ca64d05e60ad47b688fcd7b598dad5e9', NULL, NULL, 1);

-- ----------------------------
-- Table structure for odhistory
-- ----------------------------
DROP TABLE IF EXISTS `odhistory`;
CREATE TABLE `odhistory`  (
  `id` bigint NOT NULL AUTO_INCREMENT COMMENT '目标检测记录唯一标识ID',
  `project_id` bigint NOT NULL COMMENT '项目的唯一标识ID',
  `title` varchar(255) CHARACTER SET utf8mb4 COLLATE utf8mb4_unicode_ci NULL DEFAULT NULL COMMENT '用户给定的该操作名称',
  `start_time` datetime NOT NULL COMMENT '开始时间',
  `end_time` datetime NULL DEFAULT NULL COMMENT '结束时间',
  `source_img` varchar(255) CHARACTER SET utf8mb4 COLLATE utf8mb4_unicode_ci NOT NULL COMMENT '上传的原始图片url地址',
  `result_img` varchar(255) CHARACTER SET utf8mb4 COLLATE utf8mb4_unicode_ci NULL DEFAULT NULL COMMENT '结果图片的url地址',
  `result` varchar(4096) CHARACTER SET utf8mb4 COLLATE utf8mb4_unicode_ci NULL DEFAULT NULL COMMENT '这里暂时代表一下返回的分析的一些数据',
  `choose` int NULL DEFAULT NULL COMMENT '是否存在框选',
  PRIMARY KEY (`id`) USING BTREE
) ENGINE = InnoDB AUTO_INCREMENT = 11 CHARACTER SET = utf8mb4 COLLATE = utf8mb4_unicode_ci COMMENT = '目标检测的历史记录' ROW_FORMAT = DYNAMIC;

-- ----------------------------
-- Records of odhistory
-- ----------------------------
INSERT INTO `odhistory` VALUES (1, 3, 'test2', '2022-06-30 13:56:02', NULL, 'http://faye.nat300.top:80/files/89d7ae14702c403bb168b349c53b6507', NULL, NULL, 1);
INSERT INTO `odhistory` VALUES (2, 1, '封面飞机', '2022-07-02 11:09:33', NULL, 'http://faye.nat300.top:80/files/c42a301e33bc464ca39865710b8f77bc', NULL, NULL, 1);
INSERT INTO `odhistory` VALUES (3, 9, 'test', '2022-07-03 01:39:58', NULL, 'http://faye.nat300.top:80/files/6d44c97079f641609859e44984257f9a', NULL, NULL, 1);
INSERT INTO `odhistory` VALUES (4, 6, 'test', '2022-07-03 20:46:27', NULL, 'http://faye.nat300.top:80/files/9e907f44a682448a82c7e76391c6feb7', NULL, NULL, 1);
INSERT INTO `odhistory` VALUES (5, 6, 'test', '2022-07-03 20:47:57', NULL, 'http://faye.nat300.top:80/files/3eaf576923b3445d9dcb829daaa488c6', NULL, NULL, 1);
INSERT INTO `odhistory` VALUES (6, 6, 'test', '2022-07-03 20:48:27', NULL, 'http://faye.nat300.top:80/files/93915cd6a83c4d83a71fdc836b05dbc2', NULL, NULL, 1);
INSERT INTO `odhistory` VALUES (7, 16, 'test', '2022-07-03 21:51:28', NULL, 'http://faye.nat300.top:80/files/597300b9c7054cc7be474cb317a35464', NULL, NULL, 1);
INSERT INTO `odhistory` VALUES (8, 11, 'test', '2022-07-04 09:03:47', NULL, 'http://faye.nat300.top:80/files/843a16a80eab455f810bce119b090e74', NULL, NULL, 1);
INSERT INTO `odhistory` VALUES (9, 12, 'test', '2022-07-04 15:59:20', NULL, 'http://faye.nat300.top:80/files/13fb112b408145afa965a30d74931113', NULL, NULL, 1);
INSERT INTO `odhistory` VALUES (10, 11, 'test', '2022-07-05 23:09:31', NULL, 'http://faye.nat300.top:80/files/b47e67e0ebfa40be8ac34d84562a7d72', NULL, NULL, 1);

-- ----------------------------
-- Table structure for oehistory
-- ----------------------------
DROP TABLE IF EXISTS `oehistory`;
CREATE TABLE `oehistory`  (
  `id` bigint NOT NULL AUTO_INCREMENT COMMENT '目标提取记录唯一标识ID',
  `project_id` bigint NOT NULL COMMENT '项目的唯一标识ID',
  `title` varchar(255) CHARACTER SET utf8mb4 COLLATE utf8mb4_unicode_ci NULL DEFAULT NULL COMMENT '用户给定的该操作名称',
  `start_time` datetime NOT NULL COMMENT '开始时间',
  `end_time` datetime NULL DEFAULT NULL COMMENT '结束时间',
  `source_img` varchar(255) CHARACTER SET utf8mb4 COLLATE utf8mb4_unicode_ci NOT NULL COMMENT '上传的原始图片url地址',
  `result_img` varchar(255) CHARACTER SET utf8mb4 COLLATE utf8mb4_unicode_ci NULL DEFAULT NULL COMMENT '结果图片的url地址',
  `result` varchar(2048) CHARACTER SET utf8mb4 COLLATE utf8mb4_unicode_ci NULL DEFAULT NULL COMMENT '这里暂时代表一下返回的分析的一些数据',
  `choose` int NULL DEFAULT NULL COMMENT '是否存在框选',
  PRIMARY KEY (`id`) USING BTREE
) ENGINE = InnoDB AUTO_INCREMENT = 74 CHARACTER SET = utf8mb4 COLLATE = utf8mb4_unicode_ci COMMENT = '目标提取的历史记录' ROW_FORMAT = DYNAMIC;

-- ----------------------------
-- Records of oehistory
-- ----------------------------
INSERT INTO `oehistory` VALUES (1, 1, 'test', '2022-06-30 11:18:16', NULL, 'http://faye.nat300.top:80/files/2b56a93802554ff5b77b1e2d41201e14', NULL, NULL, 1);
INSERT INTO `oehistory` VALUES (2, 2, 'test', '2022-06-30 11:21:47', NULL, 'http://faye.nat300.top:80/files/5603586f8df34e24918c2f521159aad9', NULL, NULL, 1);
INSERT INTO `oehistory` VALUES (3, 1, 'test', '2022-06-30 11:26:21', NULL, 'http://faye.nat300.top:80/files/69fbdfea3bc1441791fce8e2a85b17d2', NULL, NULL, 1);
INSERT INTO `oehistory` VALUES (4, 1, 'test', '2022-06-30 11:29:54', NULL, 'http://faye.nat300.top:80/files/4ab59f3d87d44f70b2a44f7630b40275', NULL, NULL, 1);
INSERT INTO `oehistory` VALUES (6, 3, 'test', '2022-06-30 11:38:18', NULL, 'http://faye.nat300.top:80/files/3775a046cc2741689094c8e1728a0f9e', NULL, NULL, 1);
INSERT INTO `oehistory` VALUES (7, 3, 'test', '2022-06-30 12:06:53', NULL, 'http://faye.nat300.top:80/files/5ec2b089a3994b73844d8002cb3588f9', NULL, NULL, 1);
INSERT INTO `oehistory` VALUES (8, 3, 'test', '2022-06-30 12:08:04', NULL, 'http://faye.nat300.top:80/files/c84df0ca2c4c4189b2f66ba2f7ff7109', NULL, NULL, 1);
INSERT INTO `oehistory` VALUES (9, 3, 'test', '2022-06-30 12:16:01', NULL, 'http://faye.nat300.top:80/files/f3de12bfb1aa422693f297cfa8cd96e7', NULL, NULL, 1);
INSERT INTO `oehistory` VALUES (10, 3, 'test', '2022-06-30 12:17:27', NULL, 'http://faye.nat300.top:80/files/47ed3e06207c451f91c2c9c35546f596', NULL, NULL, 1);
INSERT INTO `oehistory` VALUES (11, 3, 'test', '2022-06-30 12:18:05', NULL, 'http://faye.nat300.top:80/files/f663cf569bf24082b13b5b54b598be7a', NULL, NULL, 1);
INSERT INTO `oehistory` VALUES (12, 3, 'test', '2022-06-30 12:21:05', NULL, 'http://faye.nat300.top:80/files/60a3576d8a264802a60d7930abe309ff', NULL, NULL, 1);
INSERT INTO `oehistory` VALUES (13, 3, 'test', '2022-06-30 12:21:57', NULL, 'http://faye.nat300.top:80/files/32db525a0e4b48cb8d494728e0bdbe5f', NULL, NULL, 1);
INSERT INTO `oehistory` VALUES (14, 3, 'test', '2022-06-30 12:22:32', NULL, 'http://faye.nat300.top:80/files/f8b23d15b66440b7a89d6cb16419c783', NULL, NULL, 1);
INSERT INTO `oehistory` VALUES (15, 3, 'test', '2022-06-30 12:24:05', NULL, 'http://faye.nat300.top:80/files/189996c2d334457e8e5490fa9e6fb23e', NULL, NULL, 1);
INSERT INTO `oehistory` VALUES (16, 3, 'test', '2022-06-30 12:26:41', NULL, 'http://faye.nat300.top:80/files/19077779348d4f98b8d7814a90d48be1', NULL, NULL, 1);
INSERT INTO `oehistory` VALUES (17, 3, 'test', '2022-06-30 13:24:21', NULL, 'http://faye.nat300.top:80/files/5a813970dda343ab989e98dba279172a', NULL, NULL, 1);
INSERT INTO `oehistory` VALUES (18, 3, 'test', '2022-06-30 13:27:05', NULL, 'http://faye.nat300.top:80/files/33fc538a91b34d8fb4ff169f2c071391', NULL, NULL, 1);
INSERT INTO `oehistory` VALUES (19, 3, 'test', '2022-06-30 13:28:38', NULL, 'http://faye.nat300.top:80/files/eccb28c743de4cf69655178a3574c708', NULL, NULL, 1);
INSERT INTO `oehistory` VALUES (20, 3, 'test', '2022-06-30 13:55:33', NULL, 'http://faye.nat300.top:80/files/c384ccbecdb149cbb5133d2ee4a501a9', NULL, NULL, 1);
INSERT INTO `oehistory` VALUES (21, 3, 'test', '2022-06-30 14:00:32', NULL, 'http://faye.nat300.top:80/files/6ff55da06edc4c03b78bb2065b37c4b0', NULL, NULL, 1);
INSERT INTO `oehistory` VALUES (22, 3, 'test', '2022-06-30 14:41:13', NULL, 'http://faye.nat300.top:80/files/547a36eba61c4b56a827081ea0ecb2c8', NULL, NULL, 1);
INSERT INTO `oehistory` VALUES (23, 3, 'test', '2022-06-30 14:51:52', NULL, 'http://faye.nat300.top:80/files/07fcfffff8d8489fb8341e81d4642032', NULL, NULL, 1);
INSERT INTO `oehistory` VALUES (24, 3, 'test', '2022-06-30 14:52:33', NULL, 'http://faye.nat300.top:80/files/15893bace1374738a7d19bd2bf0754c1', NULL, NULL, 1);
INSERT INTO `oehistory` VALUES (25, 3, 'test', '2022-06-30 14:52:59', NULL, 'http://faye.nat300.top:80/files/6250579e7db54f1c9cc062b7957f9933', NULL, NULL, 1);
INSERT INTO `oehistory` VALUES (26, 3, 'test', '2022-06-30 15:11:34', NULL, 'http://faye.nat300.top:80/files/a5a334c1366345be8a420ec26cf5c3f9', NULL, NULL, 1);
INSERT INTO `oehistory` VALUES (27, 3, 'test', '2022-06-30 15:12:28', NULL, 'http://faye.nat300.top:80/files/3dd26ad93386438bacbea768cb6a933d', NULL, NULL, NULL);
INSERT INTO `oehistory` VALUES (28, 3, 'test', '2022-06-30 15:26:03', NULL, 'http://faye.nat300.top:80/files/7a4cf4d071d74a3f84e00b03e3ba9ec6', NULL, NULL, 1);
INSERT INTO `oehistory` VALUES (29, 5, 'test', '2022-06-30 16:18:51', NULL, 'http://faye.nat300.top:80/files/31b70e1fcf9042f0a6465c3b5c09f7c4', NULL, NULL, NULL);
INSERT INTO `oehistory` VALUES (30, 5, 'test111', '2022-06-30 20:39:51', NULL, 'http://faye.nat300.top:80/files/db6a1c556af44c5f9077ab10c207c784', NULL, NULL, 1);
INSERT INTO `oehistory` VALUES (31, 5, 'test222', '2022-06-30 20:40:28', NULL, 'http://faye.nat300.top:80/files/006166bad56f49b38a072dcaa12e3484', NULL, NULL, 1);
INSERT INTO `oehistory` VALUES (32, 5, 'road123', '2022-07-01 15:45:09', NULL, 'http://faye.nat300.top:80/files/c95fa335dcf34ffa8b42a554833967c7', NULL, NULL, 1);
INSERT INTO `oehistory` VALUES (33, 3, 'test', '2022-07-01 15:51:24', NULL, 'http://faye.nat300.top:80/files/5ff7113ac6d34f40ac76ca5976ab605d', NULL, NULL, 1);
INSERT INTO `oehistory` VALUES (34, 6, 'test', '2022-07-02 09:31:13', NULL, 'http://faye.nat300.top:80/files/195420e4257b407bbbecad5ae8e426b7', NULL, NULL, 1);
INSERT INTO `oehistory` VALUES (35, 5, 'test', '2022-07-02 11:13:11', NULL, 'http://faye.nat300.top:80/files/3612da248bcf4110acbd54460bdd7fc7', NULL, NULL, 1);
INSERT INTO `oehistory` VALUES (37, 1, '封面777', '2022-07-02 11:46:22', NULL, 'http://faye.nat300.top:80/files/6fe4a42115d3430babd22259d7cd2984', NULL, NULL, 1);
INSERT INTO `oehistory` VALUES (38, 1, '封面qqq', '2022-07-02 12:14:10', NULL, 'http://faye.nat300.top:80/files/c8f54e7f61ee43f4b29c26558b7daf6a', NULL, NULL, 1);
INSERT INTO `oehistory` VALUES (39, 3, 'test', '2022-07-02 23:17:34', NULL, 'http://faye.nat300.top:80/files/665a8882d6384ec1bb16b3389e2ed1bc', NULL, NULL, 1);
INSERT INTO `oehistory` VALUES (40, 9, 'test', '2022-07-03 01:04:46', NULL, 'http://faye.nat300.top:80/files/d4c73ef01ae04c9eb541c214df025c4a', NULL, NULL, 1);
INSERT INTO `oehistory` VALUES (41, 8, 'test', '2022-07-03 14:54:29', NULL, 'http://faye.nat300.top:80/files/335335a14e5a4748af45cb4754c9dd92', NULL, NULL, 1);
INSERT INTO `oehistory` VALUES (42, 8, 'test', '2022-07-03 14:54:51', NULL, 'http://faye.nat300.top:80/files/ec553d13f57649218b173a0ae2f8e63e', NULL, NULL, 1);
INSERT INTO `oehistory` VALUES (43, 8, 'test', '2022-07-03 14:55:56', NULL, 'http://faye.nat300.top:80/files/d3fff1cfd7124ef8bb7afd4f4a0b1462', NULL, NULL, 1);
INSERT INTO `oehistory` VALUES (44, 12, 'test', '2022-07-03 17:50:26', NULL, 'http://faye.nat300.top:80/files/2f332055f18241988e577f8c593a0b7d', NULL, NULL, 1);
INSERT INTO `oehistory` VALUES (45, 7, 'test', '2022-07-03 18:13:53', NULL, 'http://faye.nat300.top:80/files/5bcc7e23151e4e9aa76997796181e3b2', NULL, NULL, NULL);
INSERT INTO `oehistory` VALUES (46, 7, 'test6666', '2022-07-03 19:00:58', NULL, 'http://faye.nat300.top:80/files/cefc76cefea74337a3d1209611484f88', NULL, NULL, NULL);
INSERT INTO `oehistory` VALUES (47, 11, 'test', '2022-07-03 19:38:11', NULL, 'http://faye.nat300.top:80/files/dbbc42bac11b40919a2ee8251a723769', NULL, NULL, 1);
INSERT INTO `oehistory` VALUES (48, 13, 'road', '2022-07-03 20:58:15', NULL, 'http://faye.nat300.top:80/files/a0cab8a00b5d4af1b73d7fb0eb122d25', NULL, NULL, 1);
INSERT INTO `oehistory` VALUES (49, 14, 'test', '2022-07-03 21:07:47', NULL, 'http://faye.nat300.top:80/files/3d62f9ec0c8b4dd89108a1b59596dce7', NULL, NULL, 1);
INSERT INTO `oehistory` VALUES (50, 15, 'test222', '2022-07-03 21:38:27', NULL, 'http://faye.nat300.top:80/files/a0418e3bee994bb4851ef9c380537edc', NULL, NULL, 1);
INSERT INTO `oehistory` VALUES (51, 16, 'test111', '2022-07-03 21:48:16', NULL, 'http://faye.nat300.top:80/files/520de2abb96748769c02c92b00695933', NULL, NULL, 1);
INSERT INTO `oehistory` VALUES (52, 11, 'test', '2022-07-03 23:51:11', NULL, 'http://faye.nat300.top:80/files/50a062c60435497c9d174a8ad536f6e9', NULL, NULL, 1);
INSERT INTO `oehistory` VALUES (53, 11, 'test', '2022-07-03 23:51:40', NULL, 'http://faye.nat300.top:80/files/fdd26ff90cb64c329fb1c3303f84e2c6', NULL, NULL, 1);
INSERT INTO `oehistory` VALUES (54, 11, 'test', '2022-07-03 23:53:12', NULL, 'http://faye.nat300.top:80/files/d4d83f28346548c5a782ff96ab9e7ad3', NULL, NULL, 1);
INSERT INTO `oehistory` VALUES (55, 11, 'test', '2022-07-03 23:54:47', NULL, 'http://faye.nat300.top:80/files/d0a6576bebf9407c830bca44f0b1479e', NULL, NULL, 1);
INSERT INTO `oehistory` VALUES (56, 11, 'test', '2022-07-04 00:00:16', NULL, 'http://faye.nat300.top:80/files/e1251e6123364fdebb088cc798351a6a', NULL, NULL, 1);
INSERT INTO `oehistory` VALUES (57, 11, 'test', '2022-07-04 01:32:00', NULL, 'http://faye.nat300.top:80/files/bc75fc3995d842b6b9d82fe65a15db05', NULL, NULL, NULL);
INSERT INTO `oehistory` VALUES (58, 11, 'test', '2022-07-04 01:35:54', NULL, 'http://faye.nat300.top:80/files/151e02e4198c4517a00fa566f0af3bea', NULL, NULL, NULL);
INSERT INTO `oehistory` VALUES (59, 11, 'test', '2022-07-04 08:54:10', NULL, 'http://faye.nat300.top:80/files/1d832835ac834a2bac2687f1c29390ee', NULL, NULL, NULL);
INSERT INTO `oehistory` VALUES (60, 11, 'test', '2022-07-04 09:02:24', NULL, 'http://faye.nat300.top:80/files/84255331ab194b5aa7374ef73a247c2a', NULL, NULL, 1);
INSERT INTO `oehistory` VALUES (61, 11, 'test', '2022-07-04 09:04:03', NULL, 'http://faye.nat300.top:80/files/11c9daba4bf14b4fa32c2c4591ceee05', NULL, NULL, NULL);
INSERT INTO `oehistory` VALUES (62, 11, 'test', '2022-07-04 09:08:07', NULL, 'http://faye.nat300.top:80/files/639bbbf2035a4c14a0e00df7856d0183', NULL, NULL, 1);
INSERT INTO `oehistory` VALUES (63, 11, 'test', '2022-07-04 09:08:48', NULL, 'http://faye.nat300.top:80/files/8f03312cc58244f998b6630867de8802', NULL, NULL, 1);
INSERT INTO `oehistory` VALUES (64, 16, 'test', '2022-07-04 10:09:29', NULL, 'http://faye.nat300.top:80/files/2e4cf729064f4cab945fe915fc34545f', NULL, NULL, 1);
INSERT INTO `oehistory` VALUES (65, 11, 'test', '2022-07-04 14:15:41', NULL, 'http://faye.nat300.top:80/files/3856a88adc6946dd80939780016b6a62', NULL, NULL, 1);
INSERT INTO `oehistory` VALUES (66, 12, 'test', '2022-07-04 15:58:01', NULL, 'http://faye.nat300.top:80/files/503c0552f321411b9ab7406ca4cc6c0f', NULL, NULL, 1);
INSERT INTO `oehistory` VALUES (67, 11, 'test', '2022-07-05 23:07:56', NULL, 'http://faye.nat300.top:80/files/01efdc248be64b7084fc27635ff5775a', NULL, NULL, 1);
INSERT INTO `oehistory` VALUES (68, 11, 'test', '2022-07-05 23:18:33', NULL, 'http://faye.nat300.top:80/files/41874ddf0b3c4084b17e2e4786af0f9c', NULL, NULL, NULL);
INSERT INTO `oehistory` VALUES (69, 11, 'test', '2022-07-05 23:20:29', NULL, 'http://faye.nat300.top:80/files/3fb9252580cf40e1b7fbf9527dc96bc1', NULL, NULL, NULL);
INSERT INTO `oehistory` VALUES (70, 11, 'test', '2022-07-05 23:46:02', NULL, 'http://faye.nat300.top:80/files/52a1ea27b88f48ecba9b8c675bab589a', NULL, NULL, 1);
INSERT INTO `oehistory` VALUES (71, 20, 'test', '2022-07-10 13:07:14', NULL, 'http://faye.nat300.top:80/files/1f7475f99d8647428db11f6ef83faec5', NULL, NULL, 1);
INSERT INTO `oehistory` VALUES (72, 23, 'test_0', '2022-07-10 13:23:12', '2022-07-10 13:23:17', 'http://faye.nat300.top:80/files/29564788048943a38da48ea06111bd9e', 'http://faye.nat300.top/files/29564788048943a38da48ea06111bd9e_predict', '{\"data\":[{\"color\":[255,255,255],\"num\":204036,\"category\":\"positive\"},{\"color\":[0,0,0],\"num\":2045964,\"category\":\"negative\"}],\"confidence\":\"medium\",\"label\":\"http://faye.nat300.top/files/29564788048943a38da48ea06111bd9e_predict\",\"type\":\"road_extraction\",\"min_pixel\":50}', 0);
INSERT INTO `oehistory` VALUES (73, 23, 'test_1', '2022-07-10 13:23:15', '2022-07-10 13:23:17', 'http://faye.nat300.top:80/files/1dfc72f80a664de59b9bcdc7bee9a721', 'http://faye.nat300.top/files/1dfc72f80a664de59b9bcdc7bee9a721_predict', '{\"data\":[{\"color\":[255,255,255],\"num\":94303,\"category\":\"positive\"},{\"color\":[0,0,0],\"num\":2155697,\"category\":\"negative\"}],\"confidence\":\"medium\",\"label\":\"http://faye.nat300.top/files/1dfc72f80a664de59b9bcdc7bee9a721_predict\",\"type\":\"road_extraction\",\"min_pixel\":50}', 0);

-- ----------------------------
-- Table structure for project
-- ----------------------------
DROP TABLE IF EXISTS `project`;
CREATE TABLE `project`  (
  `id` bigint NOT NULL AUTO_INCREMENT COMMENT '项目的唯一ID',
  `user_id` bigint NOT NULL COMMENT '用户的唯一标识ID',
  `description` varchar(255) CHARACTER SET utf8mb4 COLLATE utf8mb4_unicode_ci NULL DEFAULT NULL COMMENT '项目的描述',
  `title` varchar(255) CHARACTER SET utf8mb4 COLLATE utf8mb4_unicode_ci NOT NULL COMMENT '项目名称',
  `create_time` datetime NOT NULL COMMENT '创建时间',
  PRIMARY KEY (`id`) USING BTREE
) ENGINE = InnoDB AUTO_INCREMENT = 24 CHARACTER SET = utf8mb4 COLLATE = utf8mb4_unicode_ci ROW_FORMAT = DYNAMIC;

-- ----------------------------
-- Records of project
-- ----------------------------
INSERT INTO `project` VALUES (4, 10, '11', 'test', '2022-06-30 12:39:29');
INSERT INTO `project` VALUES (11, 3, '这是使用WHU-building数据集做的武汉城市发展分析项目', '武汉市建筑变化检测', '2022-07-03 17:46:46');
INSERT INTO `project` VALUES (12, 3, '这是对波阳虎水体提取的应用', '鄱阳湖水体提取（2002、2008、2013）', '2022-07-03 17:48:07');
INSERT INTO `project` VALUES (14, 2, '该项目用于历史操作记录的演示', '演示项目', '2022-07-03 21:07:07');
INSERT INTO `project` VALUES (20, 1, '该项目用于功能演示', '测试项目1', '2022-07-07 19:05:15');
INSERT INTO `project` VALUES (22, 1, 'test', 'test2', '2022-07-09 10:49:31');
INSERT INTO `project` VALUES (23, 1, '', '批量处理测试', '2022-07-10 12:52:48');

-- ----------------------------
-- Table structure for user
-- ----------------------------
DROP TABLE IF EXISTS `user`;
CREATE TABLE `user`  (
  `id` bigint NOT NULL AUTO_INCREMENT COMMENT '用户唯一标识ID',
  `user_name` varchar(255) CHARACTER SET utf8mb4 COLLATE utf8mb4_unicode_ci NOT NULL COMMENT '用户名',
  `password` varchar(255) CHARACTER SET utf8mb4 COLLATE utf8mb4_unicode_ci NOT NULL COMMENT '密码',
  `phone` varchar(255) CHARACTER SET utf8mb4 COLLATE utf8mb4_unicode_ci NULL DEFAULT NULL COMMENT '用户手机号',
  `mail` varchar(255) CHARACTER SET utf8mb4 COLLATE utf8mb4_unicode_ci NOT NULL COMMENT '用户邮箱',
  PRIMARY KEY (`id`) USING BTREE
) ENGINE = InnoDB AUTO_INCREMENT = 4 CHARACTER SET = utf8mb4 COLLATE = utf8mb4_unicode_ci ROW_FORMAT = DYNAMIC;

-- ----------------------------
-- Records of user
-- ----------------------------
INSERT INTO `user` VALUES (1, 'c', '123', '15800000002', '515722645@qq.com');
INSERT INTO `user` VALUES (2, 'cym', '123456789', '15170140805', '978260138@qq.com');
INSERT INTO `user` VALUES (3, '王宇', 'luosky', '13503838907', 'faye892322@gmail.com');

SET FOREIGN_KEY_CHECKS = 1;
